,url,domain,class
0,down.xnbeta.com,xnbeta,legit
1,nhatquanglan4.t35.com,t35,legit
2,www.xiaopengzy.com,xiaopengzy,legit
3,vr5.6rooms.com,6rooms,legit
4,assets.changyan.sohu.com,sohu,legit
5,rs.sinajs.cn,sinajs,legit
6,qq511891965.f3322.org,f3322,legit
7,www.bnhjutrrdeswqlouiuy.com,bnhjutrrdeswqlouiuy,dga
8,ww29.kbunion.com,kbunion,legit
9,mhacker.cc,mhacker,legit
10,twkh.3322.org,3322,legit
11,speedxbu.baidu.com,baidu,legit
12,cnzz.mmstat.com,mmstat,legit
13,js.k0102.com,k0102,legit
14,jielip.lofter.com,lofter,legit
15,up5.nba1001.com,nba1001,legit
16,yankege.f3322.net,f3322,legit
17,1186710869.eatuo.com,eatuo,legit
18,zaztyf.com,zaztyf,legit
19,i.tianqi.com,tianqi,legit
20,zs25.cnzz.com,cnzz,legit
21,nje9.cn,nje9,legit
22,ip.qq.com,ip,legit
23,88.9278.space,9278,legit
24,rpt.t.b5m.com,b5m,legit
25,api.bjbmyj.com,bjbmyj,legit
26,08update19.jiangmin.com,jiangmin,legit
27,cs11.duba.net,duba,legit
28,www.madtomatoe.com,madtomatoe,legit
29,maps.googleapis.com,googleapis,legit
30,push.www.duba.net,duba,legit
31,442.netck.hk,netck,legit
32,www.q3w4.com,q3w4,legit
33,v2-2.mypcqq.net,mypcqq,legit
34,up4.nba1001.com,nba1001,legit
35,ellsor.com,ellsor,legit
36,hnjwbf.com,hnjwbf,legit
37,www.81c.cn,81c,legit
38,zf1.india-zed.com,india-zed,legit
39,dlsw.br.baidu.com,baidu,legit
40,www.geocities.com,geocities,legit
41,services.myspservices.com,myspservices,legit
42,o8w8k8spi.bkt.clouddn.com,clouddn,legit
43,wxxmyh.com,wxxmyh,legit
44,zrha.gnway.cc,gnway,legit
45,dddos.cdddos.top,cdddos,legit
46,ixp.cu.cc,ixp,legit
47,mm.v1lady.com,v1lady,legit
48,cwx123.f3322.org,f3322,legit
49,img.users.51.la,img.users,legit
50,db-cache.t57.cn,t57,legit
51,www.360.cn,360,legit
52,media.steampowered.com,steampowered,legit
53,worldisonefamily.info,worldisonefamily,legit
54,www.gaosini.com.band,com,legit
55,static.niwodai.com,niwodai,legit
56,longgege.iis80.net,iis80,legit
57,rm.api.weibo.com,weibo,legit
58,ynuf.alipay.com,alipay,legit
59,pkchuanqi.f3322.net,f3322,legit
60,count37.51yes.com,51yes,legit
61,gtms04.alicdn.com,alicdn,legit
62,co1tjoker.eicp.net,eicp,legit
63,member.bonree.com,bonree,legit
64,activex.microsoft.com,microsoft,legit
65,hx.hxzhanqun.cn,hxzhanqun,legit
66,www.changting.net,changting,legit
67,blhbd.com,blhbd,legit
68,bycimi.imwork.net,imwork,legit
69,c2.web.yystatic.com,yystatic,legit
70,g.alicdn.com,alicdn,legit
71,dahuilang.s.3322.net,3322,legit
72,count.tbcdn.cn,tbcdn,legit
73,client-download.steampowered.com,steampowered,legit
74,www.feifanvps.com,feifanvps,legit
75,www.ip38.com,ip38,legit
76,root3.92ddos.com,92ddos,legit
77,www.chuan.trade,chuan,legit
78,taobao.201201.com,201201,legit
79,helpdesktop0.ksmobile.com,ksmobile,legit
80,www.mathmx.com,mathmx,legit
81,amnsreiuojy.ru,amnsreiuojy,dga
82,downloads12.kaspersky-labs.com,kaspersky-labs,legit
83,cnt.jiujiudsa.org,jiujiudsa,legit
84,qq13065724025.f3322.net,f3322,legit
85,qq603535.3322.org,3322,legit
86,zxt1.meibu.net,meibu,legit
87,test.baogonghui.com,baogonghui,legit
88,adpic.7edown.com,7edown,legit
89,dl.ikiki.cn,ikiki,legit
90,www.921ddos.com,921ddos,dga
91,ddos.jqddos.in,jqddos,legit
92,down.xiazai2.net,xiazai2,legit
93,obupdate.orbitdownloader.com,orbitdownloader,legit
94,int.dpool.sina.com.cn,sina,legit
95,999mu.3322.org,3322,legit
96,uc.23wan.cc,23wan,legit
97,i9.baidu.com,baidu,legit
98,www.k8sec.com,k8sec,legit
99,xinshoutouliezhe.f3322.org,f3322,legit
100,www.managtest.ru,managtest,legit
101,cz11.zicp.net,zicp,legit
102,xqdgv5.f3322.org,f3322,legit
103,maps.google.com,google,legit
104,jsqmt.qq.com,jsqmt,legit
105,arui520.f3322.net,f3322,legit
106,u1.eset.com.cn,eset,legit
107,98syn.com,98syn,legit
108,utk.download.iyuntian.com,iyuntian,legit
109,p0.qhimg.com,qhimg,legit
110,reg.jiayuan.com,jiayuan,legit
111,fsgyq.com,fsgyq,legit
112,www.fz0575.com,fz0575,legit
113,img.baidu.com,baidu,legit
114,www.timesynctool.com,timesynctool,legit
115,yuzhisheng.com,yuzhisheng,legit
116,www.wzchuzu.cn,wzchuzu,legit
117,gy8.downxd.com,downxd,legit
118,ulink.yy.com,ulink,legit
119,www.lolgzl.top,lolgzl,legit
120,dnl-05.geo.kaspersky.com,kaspersky,legit
121,www.4345.cc,4345,legit
122,www.9646e.com,9646e,legit
123,www.yahoo.com,yahoo,legit
124,s22.cnzz.com,cnzz,legit
125,www.my97.net,my97,legit
126,cu011.www.duba.net,duba,legit
127,creative.las01.wwwpromoter.com,wwwpromoter,legit
128,s23.cnzz.com,cnzz,legit
129,static.kuaiji.com,kuaiji,legit
130,um02.eset.com,eset,legit
131,winweixiao.tk,winweixiao,legit
132,www.37w.org,37w,legit
133,tr.p.360.cn,360,legit
134,haonb.f3322.org,f3322,legit
135,ip.chinaz.com,chinaz,legit
136,www.ycnews.cn,ycnews,legit
137,www.fav123.net,fav123,legit
138,api.map.baidu.com,baidu,legit
139,lw2.q1.com,lw2,legit
140,tns.simba.taobao.com,taobao,legit
141,zhifan1314.oicp.net,oicp,legit
142,mangwa66.f3322.net,f3322,legit
143,bbs.kuaiji.com,kuaiji,legit
144,1.dnsnb8.net,dnsnb8,legit
145,antispy.db.kingsoft.com,kingsoft,legit
146,ss0.baidu.com,baidu,legit
147,hackyxz.f3322.net,f3322,legit
148,api.down.72zx.com,72zx,legit
149,zyklon.zpirroz.tk,zpirroz,legit
150,pzss.f3322.org,f3322,legit
151,count35.51yes.com,51yes,legit
152,880824.f3322.net,f3322,legit
153,icon.cnzz.com,cnzz,legit
154,down2.uc.cn,down2,legit
155,www.21skc.com,21skc,legit
156,www.isoft168.com,isoft168,legit
157,a271426434.gicp.net,gicp,legit
158,update15.jiangmin.com,jiangmin,legit
159,www.msn.com,msn,legit
160,ymbcyu.com,ymbcyu,legit
161,qiandu.2288.org,2288,legit
162,u8.eset.com.cn,eset,legit
163,update17.jiangmin.com,jiangmin,legit
164,cimxia.com,cimxia,legit
165,ddos.rmt.xxx,rmt,legit
166,www.d888b.cn,d888b,legit
167,aa731750411.f3322.org,f3322,legit
168,assets.alicdn.com,alicdn,legit
169,app.ylmfu.com,ylmfu,legit
170,www.853909588.com,853909588,dga
171,root1.92ddos.com,92ddos,legit
172,www.44460.com,44460,legit
173,jj.hk147.com,hk147,legit
174,zhizz.f3322.net,f3322,legit
175,www.72dns.com,72dns,legit
176,res.maoha.com,maoha,legit
177,bei.game918.me,game918,legit
178,6688.tojingjia.com,tojingjia,legit
179,xuancai.f3322.net,f3322,legit
180,ww826396.f3322.net,f3322,legit
181,s0.m.hao123img.com,hao123img,legit
182,ap5.sap1000.com,sap1000,legit
183,cs10.duba.net,duba,legit
184,www.qipai868.com,qipai868,legit
185,downloads5.kaspersky-labs.com,kaspersky-labs,legit
186,qqpiao.cc,qqpiao,legit
187,pic.static.sdo.com,sdo,legit
188,www.98youpin.com,98youpin,legit
189,dldl.qq.com,dldl,legit
190,iqchina.cn,iqchina,legit
191,d.mildc.cn,mildc,legit
192,yydandan.applinzi.com,applinzi,legit
193,www.zjzy.tk,zjzy,legit
194,kaspersky.fastcdn.com,fastcdn,legit
195,yjds.stat.360safe.com,360safe,legit
196,ap5.liuliangbao.cn,liuliangbao,legit
197,sys.55wz.com,55wz,legit
198,updatechaojiz.oss-cn-hangzhou.aliyuncs.com,aliyuncs,legit
199,www.sctr.top,sctr,legit
200,www.boidu.top,boidu,legit
201,www.jcwz.net,jcwz,legit
202,rsup8.rising.com.cn,rising,legit
203,hb.mb.baidu.com,baidu,legit
204,public.d1jd.com,d1jd,legit
205,www.e89e.com,e89e,legit
206,stat-s.360safe.com,360safe,legit
207,downloads7.kaspersky-labs.com,kaspersky-labs,legit
208,mxicgg.com,mxicgg,legit
209,stat.360safe.com,360safe,legit
210,trust.baidu.com,baidu,legit
211,supnewdmn.com,supnewdmn,legit
212,weiqun52.f3322.net,f3322,legit
213,baidu99wan.6655.la,6655,legit
214,vip1.52-shopping.com,52-shopping,legit
215,apple.ctrl2015.com,ctrl2015,dga
216,crl.verisign.com,verisign,legit
217,vc01.beike.cn,beike,legit
218,xiang7200453.3322.org,3322,legit
219,999.9278.space,9278,legit
220,ddos7765.f3322.net,f3322,legit
221,cs4.duba.net,duba,legit
222,bald.f3322.net,f3322,legit
223,s15.cnzz.com,cnzz,legit
224,www.ctlers-cpu.site,ctlers-cpu,legit
225,qq2410806126.xicp.net,xicp,legit
226,dwz.cn,dwz,legit
227,f-signs.duba.net,duba,legit
228,www.98syn.com,98syn,legit
229,jx.sina.com.cn,sina,legit
230,um13.eset.com,eset,legit
231,x3486.f3322.net,f3322,legit
232,shop157279440.taobao.com,taobao,legit
233,xz.yptmip.com,yptmip,legit
234,share.weiyun.com,weiyun,legit
235,www.gm8t.com,gm8t,legit
236,u16.eset.com.cn,eset,legit
237,ajax.cloudflare.com,cloudflare,legit
238,3.WAP517.NET,WAP517,legit
239,ys-k.ys168.com,ys168,legit
240,linzhaohan.9966.org,9966,legit
241,image.yy.com,image,legit
242,news.ctwww.com,ctwww,legit
243,s47.cnzz.com,cnzz,legit
244,08update18.jiangmin.com,jiangmin,legit
245,sdup.360.cn,360,legit
246,qgcdn0.gtimg.com,gtimg,legit
247,push.db.kingsoft.com,kingsoft,legit
248,idceemflin6.7766.org,7766,legit
249,gnay.3322.org,3322,legit
250,exp02.eset.com,eset,legit
251,cbjs.baidu.com,baidu,legit
252,b1.bdstatic.com,bdstatic,legit
253,www.brenz.pl,brenz,legit
254,s.topsem.com,topsem,legit
255,rhtmy.com,rhtmy,legit
256,fuckgov.ddns.net,ddns,legit
257,www.33rbb.com,33rbb,legit
258,52aitu.com,52aitu,legit
259,stat.sd.360.cn,360,legit
260,fl89.3322.org,3322,legit
261,kg.mydns.iego.net,iego,legit
262,www.111ttt.com,111ttt,legit
263,tva3.sinaimg.cn,sinaimg,legit
264,xiaoaolong.s.f3322.org,f3322,legit
265,www.xw520.vip,xw520,legit
266,cdn-comp.changbaimg.com,changbaimg,legit
267,ad.qhxws.com,qhxws,legit
268,njrat22.no-ip.org,no-ip,legit
269,bailitushu.f3322.org,f3322,legit
270,hjlabc.f3322.org,f3322,legit
271,wangbaddos.eatuo.com,eatuo,legit
272,cc.ddos888.com,ddos888,legit
273,wpl.b.qq.com,wpl.b,legit
274,agt.p.360.cn,360,legit
275,www.bofa6.com,bofa6,legit
276,yongshi.f3322.net,f3322,legit
277,sys.webapi.br.baidu.com,baidu,legit
278,news.china.com,china,legit
279,fm3322.gicp.net,gicp,legit
280,08update12.jiangmin.com,jiangmin,legit
281,p1.qhimg.com,qhimg,legit
282,ys-l.cccpan.com,cccpan,legit
283,static.bshare.cn,bshare,legit
284,dts.ywcdy.com,ywcdy,legit
285,www.tcomm.cn,tcomm,legit
286,cu001.www.duba.net,duba,legit
287,b4r9oswww.3737pk.com,3737pk,legit
288,static.m.yy.com,static.m,legit
289,sumary.wicp.net,wicp,legit
290,m1.yea.im,yea,legit
291,www.q5w6.com,q5w6,legit
292,2410806126.f3322.net,f3322,legit
293,happy01.hk812.iisicp.com,iisicp,legit
294,cfxbkj.com,cfxbkj,legit
295,9278.9278.space,9278,legit
296,dbuydh.com,dbuydh,legit
297,cs19.duba.net,duba,legit
298,statistics.yy.com,statistics,legit
299,tj.51ads.com,51ads,legit
300,www.hao365.cc,hao365,legit
301,190.nsb927.com,nsb927,legit
302,d.wanyouxi7.com,wanyouxi7,legit
303,s8.qhimg.com,qhimg,legit
304,cccccccccc.pub,cccccccccc,legit
305,hk3389.cc,hk3389,legit
306,i8.baidu.com,baidu,legit
307,gds678.com,gds678,legit
308,hab.f3322.net,f3322,legit
309,ajayadas.com,ajayadas,legit
310,www.zgny.com.cn,zgny,legit
311,www.zhimingge.in,zhimingge,legit
312,res.sdo.com,sdo,legit
313,czybobo.f3322.org,f3322,legit
314,mjtyy.com,mjtyy,legit
315,cc.23moyu.com,23moyu,legit
316,cdnzgg.com,cdnzgg,legit
317,daqingge.top,daqingge,legit
318,www.9646d.com,9646d,legit
319,support.microsoft.com,microsoft,legit
320,gd2.alicdn.com,alicdn,legit
321,ant.f3322.net,f3322,legit
322,suzhouyijin.com,suzhouyijin,legit
323,df150.com,df150,legit
324,byz398667173.vicp.cc,vicp,legit
325,ww01.9966.org,9966,legit
326,928089333.3322.org,3322,legit
327,360.hk658.com,hk658,legit
328,910.com,910,legit
329,www.bohengcn.com,bohengcn,legit
330,www.0597car.com,0597car,legit
331,cm.l.qq.com,cm.l,legit
332,www.hsw.cn,hsw,legit
333,vr3.6rooms.com,6rooms,legit
334,count4.51yes.com,51yes,legit
335,adrs.sdo.com,sdo,legit
336,downloads8.kaspersky-labs.com,kaspersky-labs,legit
337,hzvs2.cnzz.com,cnzz,legit
338,formatmcl.gicp.net,gicp,legit
339,ss2.bdstatic.com,bdstatic,legit
340,login.domin.zhihuiweihai.cc,zhihuiweihai,legit
341,sfdnf.com,sfdnf,legit
342,att.bbs.kuaiji.com,kuaiji,legit
343,googleads.g.doubleclick.net,doubleclick,legit
344,exp07.eset.com,eset,legit
345,fpdownload2.macromedia.com,macromedia,legit
346,chennaicheng.f3322.org,f3322,legit
347,exp01.eset.com,eset,legit
348,www.vmwan.com,vmwan,legit
349,confignew.3lsoft.com,3lsoft,legit
350,nbhk.f3322.org,f3322,legit
351,1160214045.3322.org,3322,legit
352,ad.wfwl.cn,wfwl,legit
353,u592022.778669.com,778669,legit
354,qurl.f.360.cn,360,legit
355,ossweb-img.qq.com,ossweb-img,legit
356,mygsqx.com,mygsqx,legit
357,upload.6299.cc,6299,legit
358,www.9646p.com,9646p,legit
359,www.vlddos.com,vlddos,legit
360,rsup2.rising.com.cn,rising,legit
361,www.wluoyun.com,wluoyun,legit
362,www.lxx469.com,lxx469,legit
363,www.oyea.com.cn,oyea,legit
364,pub.idqqimg.com,idqqimg,dga
365,strip.alicdn.com,alicdn,legit
366,v2-1.mypcqq.net,mypcqq,legit
367,www.game918.me,game918,legit
368,rsdownload.rising.com.cn,rising,legit
369,vipccccc.xicp.net,xicp,legit
370,yuankong.site,yuankong,legit
371,www.ctw.cn,ctw,legit
372,sos.hk1433.cc,hk1433,legit
373,www.newhua.com,newhua,legit
374,dktjs.zoosnet.net,zoosnet,legit
375,www.618shenbo.info,618shenbo,legit
376,www.77fang.com,77fang,legit
377,www.4448881.com,4448881,dga
378,andongnivip.f3322.net,f3322,legit
379,www.hrcygs.com,hrcygs,legit
380,txxqc.com,txxqc,legit
381,www.jb828.com,jb828,legit
382,www.crackspider.net,crackspider,legit
383,cip2.e1977.com,e1977,legit
384,www.fanyong086.com,fanyong086,legit
385,www.995563.com,995563,legit
386,www.r8mm.com,r8mm,legit
387,soft.8u.cn,soft,legit
388,netsyst.1688bb.com,1688bb,legit
389,foxdos.cc,foxdos,legit
390,count5.51yes.com,51yes,legit
391,smallbusiness.yahoo.com,yahoo,legit
392,www.landchina.com,landchina,legit
393,xxoo.no-ip.org,no-ip,legit
394,www.domain08.com,domain08,legit
395,hmgyddos.game8888888.com,game8888888,legit
396,www.chniassc.cc,chniassc,legit
397,abcuom.com,abcuom,legit
398,wspe.f3322.net,f3322,legit
399,down.kuwo.cn,kuwo,legit
400,speed.netmon.360safe.com,360safe,legit
401,woaini67.f3322.net,f3322,legit
402,ddos130.6655.la,6655,legit
403,www.mirdlq.com,mirdlq,legit
404,bing.com,bing,legit
405,track.sellbuyads.cn,sellbuyads,legit
406,cs18.duba.net,duba,legit
407,dns.localtests.com,localtests,legit
408,cu012.www.duba.net,duba,legit
409,www.mojimojimojimoji.com,mojimojimojimoji,dga
410,it168.blog.163.com,163,legit
411,data.haosys.com,haosys,legit
412,www8.by1b1.com,by1b1,legit
413,nsclick.baidu.com,baidu,legit
414,www.zjol.com.cn,zjol,legit
415,www.bw3355.com,bw3355,legit
416,www.eweww.cc,eweww,legit
417,player.youku.com,youku,legit
418,hm.nbdos.com,nbdos,legit
419,www.xinhuanet.com,xinhuanet,legit
420,gd3.alicdn.com,alicdn,legit
421,www.luomowg.com,luomowg,legit
422,jimmys.f3322.net,f3322,legit
423,360-wifi.meibu.net,meibu,legit
424,qqqq374281.f3322.org,f3322,legit
425,520dos.f3322.net,f3322,legit
426,pca.kill1234.com,kill1234,legit
427,wujinbo.top,wujinbo,legit
428,s21.cnzz.com,cnzz,legit
429,gtm-tnt.avg.com,avg,legit
430,entry.baidu.com,baidu,legit
431,rat3.100geili.com,100geili,legit
432,chuantu.biz,chuantu,legit
433,ap1.liuliangbao.cn,liuliangbao,legit
434,tab.lucky-tab.com,lucky-tab,legit
435,www.79wx.cc,79wx,legit
436,jzwl.mokun.net,mokun,legit
437,www.emntracking.com,emntracking,legit
438,dlied6.qq.com,dlied6,legit
439,ds.wbest.cc,wbest,legit
440,asz111.3322.org,3322,legit
441,118shuai.eicp.net,eicp,legit
442,wp.qq.com,wp,legit
443,www.jhtj.com,jhtj,legit
444,sa.941fsd.com,941fsd,legit
445,cc.q77y.com,q77y,legit
446,vip.51.la,vip,legit
447,pc.shhhtj.com,shhhtj,legit
448,stat.v.baidu.com,baidu,legit
449,peoplea.f3322.org,f3322,legit
450,mcbugtest.jios.org,jios,legit
451,xf19990716.f3322.org,f3322,legit
452,qi89.f3322.org,f3322,legit
453,shaolinsiren.com,shaolinsiren,legit
454,znsv.baidu.com,baidu,legit
455,cdn.dota2.com.cn,dota2,legit
456,um16.eset.com,eset,legit
457,yaqi0914.f3322.org,f3322,legit
458,kledz.3322.org,3322,legit
459,dongzi.f3322.net,f3322,legit
460,www.hxyfxy.com,hxyfxy,legit
461,www.gemeus.com,gemeus,legit
462,vip18155502220.f3322.net,f3322,legit
463,filehand.net,filehand,legit
464,rsup1.rising.com.cn,rising,legit
465,zzcc.f3322.net,f3322,legit
466,rsup15.rising.com.cn,rising,legit
467,hka.f3322.net,f3322,legit
468,qgcdn3.gtimg.com,gtimg,legit
469,qd.code.qihoo.com,qihoo,legit
470,www.shyybj.com,shyybj,legit
471,www.zhinengxia.com,zhinengxia,legit
472,news.xinhuanet.com,xinhuanet,legit
473,statistics.08kf.com,08kf,legit
474,t11.baidu.com,baidu,legit
475,www.kffcjjw.com,kffcjjw,dga
476,944413269.3322.org,3322,legit
477,www.dy2004.com,dy2004,legit
478,bbs.goupu.org,goupu,legit
479,www.feifan.eatuo.com,eatuo,legit
480,1212.ip138.com,ip138,legit
481,static.2144.cn,2144,legit
482,tl.symcb.com,symcb,legit
483,liangmoqi.3322.org,3322,legit
484,x.hktianhong.com,hktianhong,legit
485,up.mb.baidu.com,baidu,legit
486,vi0.6rooms.com,6rooms,legit
487,downloader.8800.org,8800,legit
488,um19.eset.com,eset,legit
489,ww3.sinaimg.cn,sinaimg,legit
490,www.feiq18.com,feiq18,legit
491,orbit.brothersoft.com,brothersoft,legit
492,pop9.123fga.cn,123fga,legit
493,apple.xhddos.top,xhddos,legit
494,c.baidu.com,baidu,legit
495,i.kpzip.com,kpzip,legit
496,qq128.kmdns.net,kmdns,legit
497,oss.maxcdn.com,maxcdn,legit
498,allmodel-pro.com,allmodel-pro,legit
499,ys-e.ys168.com,ys168,legit
500,cs13.duba.net,duba,legit
501,www.cz88.net,cz88,legit
502,u.skywo.com,skywo,legit
503,cd001.www.duba.net,duba,legit
504,cs9.duba.net,duba,legit
505,s4.cnzz.com,cnzz,legit
506,6.cn,6,legit
507,data2.92taojin.com,92taojin,legit
508,otf.msn.com,msn,legit
509,jqmt.qq.com,jqmt,legit
510,www.chaojiz.com,chaojiz,legit
511,xiaoluo20160815.b0.upaiyun.com,upaiyun,legit
512,jundao2014.f3322.org,f3322,legit
513,www.t3315.com,t3315,legit
514,exp19.eset.com,eset,legit
515,count31.51yes.com,51yes,legit
516,open.qzone.qq.com,open.qzone,legit
517,u.987255.com,987255,legit
518,shang.qq.com,shang,legit
519,okddos.wicp.net,wicp,legit
520,jqbsql.23wsf.com,23wsf,legit
521,pb88.ac101.net,ac101,legit
522,timg.sjs.sinajs.cn,sinajs,legit
523,update.wfwl.cn,wfwl,legit
524,www.zjuspnb.com,zjuspnb,legit
525,yong31318.f3322.net,f3322,legit
526,jingqi.ddns.net,ddns,legit
527,www.mz888.win,mz888,legit
528,x1.2466.cc,2466,legit
529,dnl-14.geo.kaspersky.com,kaspersky,legit
530,cpxdeliv.com,cpxdeliv,legit
531,www.googleadsl.com,googleadsl,legit
532,static.youku.com,youku,legit
533,loaninformationv.com,loaninformationv,legit
534,d.nba1001.com,nba1001,legit
535,at.alicdn.com,alicdn,legit
536,www.amazon.cn,amazon,legit
537,p.b5m.com,b5m,legit
538,huangmaoyang.wicp.net,wicp,legit
539,alexlovecoke.gicp.net,gicp,legit
540,auto.search.msn.com,msn,legit
541,shijijiuzhou.com,shijijiuzhou,legit
542,www.lwaigua.com,lwaigua,legit
543,552.dopa.com.cn,dopa,legit
544,info.spiritsoft.cn,spiritsoft,legit
545,s.haiyunx.com,haiyunx,legit
546,08update8.jiangmin.com,jiangmin,legit
547,esbook.com,esbook,legit
548,dp.g.doubleclick.net,doubleclick,legit
549,zerococoll.f3322.net,f3322,legit
550,qurl.qh-lb.com,qh-lb,legit
551,update.yinyue.fm,yinyue,legit
552,ddos.5b5t.com,5b5t,legit
553,weibo.com,weibo,legit
554,up1.nba1001.com,nba1001,legit
555,www.myip.cn,myip,legit
556,a336600.f3322.net,f3322,legit
557,fclick.baidu.com,baidu,legit
558,mm1082203.3322.org,3322,legit
559,z1344426504.oicp.net,oicp,legit
560,support.eset.com.cn,eset,legit
561,shixiong.f3322.net,f3322,legit
562,www.uv7m.com,uv7m,legit
563,bbs.gope.cn,gope,legit
564,hewt.vicp.hk,vicp,legit
565,s14.cnzz.com,cnzz,legit
566,media.p2sp.baidu.com,baidu,legit
567,pd.ok365.com,ok365,legit
568,dpkhue.com,dpkhue,legit
569,cdn.37ux.com,37ux,legit
570,p6.qhmsg.com,qhmsg,legit
571,marketathart.com,marketathart,legit
572,agd.p.360.cn,360,legit
573,api.ip.360.cn,360,legit
574,kkk.94wgb.com,94wgb,legit
575,ohpotu.com,ohpotu,legit
576,uaction.alicdn.com,alicdn,legit
577,um17.eset.com,eset,legit
578,www.311q.com,311q,legit
579,ww.rdnsapi.com,rdnsapi,legit
580,bbs.ctw.cn,ctw,legit
581,cdn.dragonstatic.com,dragonstatic,legit
582,h:z8uiwww.3737pk.com,h,legit
583,yk.ytr365.com,ytr365,legit
584,132.xitongup.com,xitongup,legit
585,tcp.game5210.com,game5210,legit
586,ruishikelan.com,ruishikelan,legit
587,user.hao123.com,hao123,legit
588,btrace.qq.com,btrace,legit
589,star.auths.cn,auths,legit
590,b.19891108.info,19891108,legit
591,z.19950501.com,19950501,dga
592,csi.gstatic.com,gstatic,legit
593,register.sdo.com,sdo,legit
594,p2s.download.baidu.com,baidu,legit
595,275769047.f3322.net,f3322,legit
596,a843238004.f3322.net,f3322,legit
597,j.nba1001.com,nba1001,legit
598,hanxiaohu.f3322.org,f3322,legit
599,s0.hao123img.com,hao123img,legit
600,siyu.trf520.com,trf520,legit
601,www729448908.f3322.org,f3322,legit
602,v8.wyx5.net,wyx5,legit
603,my.37.com,my,legit
604,www.zy451.com,zy451,legit
605,bbslz.wicp.net,wicp,legit
606,""" + this.baseurl + ""","baseurl + """,legit
607,yyzmyn.com,yyzmyn,legit
608,www.duba.net,duba,legit
609,dll.ckshare.com,ckshare,legit
610,nteemk.com,nteemk,legit
611,bqq.gtimg.com,gtimg,legit
612,www.ksdnewr.com,ksdnewr,legit
613,lcds.f3322.net,f3322,legit
614,xxx.745970.com,745970,legit
615,songzai123.xyz,songzai123,legit
616,dnl-09.geo.kaspersky.com,kaspersky,legit
617,asdaaa.f3322.net,f3322,legit
618,www.huangfuhu.com,huangfuhu,legit
619,tyz.f3322.org,f3322,legit
620,dnspod.ygzp.com.cn,ygzp,legit
621,rsup12.rising.com.cn,rising,legit
622,t3.adsage.com,adsage,legit
623,action.kuaiji.com,kuaiji,legit
624,cltres.liuliangbao.cn,liuliangbao,legit
625,baobeijuhui.com,baobeijuhui,legit
626,cy6.f3322.org,f3322,legit
627,91m.pw,91m,legit
628,tz.weilegexin.com,weilegexin,legit
629,fanxite.f3322.net,f3322,legit
630,comp.changba.com,changba,legit
631,www.hkxinke.com,hkxinke,legit
632,mat1.gtimg.com,gtimg,legit
633,i.qq.com,i,legit
634,tongji.227237.com,227237,legit
635,wqwmdqrz.win,wqwmdqrz,dga
636,u15.eset.com.cn,eset,legit
637,dos.fafhm.com,fafhm,legit
638,swt.wfseo.com,wfseo,legit
639,zief.pl,zief,legit
640,ww4.sinaimg.cn,sinaimg,legit
641,vi4.6rooms.com,6rooms,legit
642,360.feigetz.com,feigetz,legit
643,c.bing.com,bing,legit
644,rsup14.rising.com.cn,rising,legit
645,zbvlnr.com,zbvlnr,legit
646,xiazai.xiazai2.net,xiazai2,legit
647,www.zlwaa.com,zlwaa,legit
648,a1.2012down.com,2012down,legit
649,www.go890.com,go890,legit
650,360-cn.f3322.org,f3322,legit
651,ywxx.gnway.net,gnway,legit
652,www.aaooaaoo.com,aaooaaoo,dga
653,ywgocs.com,ywgocs,legit
654,www.qzh88.com,qzh88,legit
655,changyan.itc.cn,itc,legit
656,um15.eset.com,eset,legit
657,updatetest.wuji.com,wuji,legit
658,988.sf988.com,sf988,legit
659,downloads11.kaspersky-labs.com,kaspersky-labs,legit
660,xf.f3322.org,f3322,legit
661,gcd.f3322.net,f3322,legit
662,qzonestyle.gtimg.cn,gtimg,legit
663,js.tongji.linezing.com,linezing,legit
664,codecs.microsoft.com,microsoft,legit
665,3.NS1631262.INFO,NS1631262,dga
666,jxws.shopzhy.com,shopzhy,legit
667,stoneshitou01.gicp.net,gicp,legit
668,caonimamabi.f3322.net,f3322,legit
669,52zj.tk,52zj,legit
670,200903446.pw,200903446,legit
671,rsup19.rising.com.cn,rising,legit
672,0741617545.8866.org,8866,legit
673,b.nba1001.com,nba1001,legit
674,win.cmdwin.com,cmdwin,legit
675,yyiaba.com,yyiaba,legit
676,imgcache.qq.com,imgcache,legit
677,yyweb.yystatic.com,yystatic,legit
678,bos.nj.bpc.baidu.com,baidu,legit
679,u.qurl.f.360.cn,360,legit
680,924426165.3322.org,3322,legit
681,n.sinaimg.cn,sinaimg,legit
682,s1.spiritsoft.cn,spiritsoft,legit
683,scloud-dlsw.br.baidu.com,baidu,legit
684,pop8.123fga.cn,123fga,legit
685,exp12.eset.com,eset,legit
686,gtm-nyc.avg.com,avg,legit
687,css.itspor.com,itspor,legit
688,cu019.www.duba.net,duba,legit
689,update16.jiangmin.com,jiangmin,legit
690,wang1191620019.oicp.net,oicp,legit
691,wangfeia.f3322.net,f3322,legit
692,tyrantlinux.vicp.cc,vicp,legit
693,boqingshaonian.f3322.rog,rog,legit
694,d.qunji.pw,qunji,legit
695,c0.ipjingling.com,ipjingling,legit
696,downloads1.kaspersky-labs.com,kaspersky-labs,legit
697,www.175sf.com,175sf,legit
698,z410783324.gicp.net,gicp,legit
699,tccmled.com,tccmled,legit
700,s95.cnzz.com,cnzz,legit
701,lovemydress.pl,lovemydress,legit
702,jiazu1.3322.org,3322,legit
703,guiying.cmdwin.com,cmdwin,legit
704,base8.gyddos.com,gyddos,legit
705,http://t.qq.com/Test,t,legit
706,fyunf.f3322.net,f3322,legit
707,dns.3zgi.com,3zgi,legit
708,www.higame123.com,higame123,legit
709,mb.008ww.com,008ww,legit
710,down.qqfarmer.com.cn,qqfarmer,legit
711,um10.eset.com,eset,legit
712,down.360.cn,360,legit
713,sx.2dmz.com,2dmz,legit
714,liux.51xcq.cn,51xcq,legit
715,dl.mypcqq.net,mypcqq,legit
716,img2.37wanimg.com,37wanimg,legit
717,liveupdate.symantecliveupdate.com,symantecliveupdate,legit
718,wn.pos.baidu.com,baidu,legit
719,router.bittorrent.com,bittorrent,legit
720,img01.taobaocdn.com,taobaocdn,legit
721,zhuaji.cncidc.win,cncidc,legit
722,www1.chuan.trade,chuan,legit
723,zjq1993.meibu.com,meibu,legit
724,huanxiang918.meibu.net,meibu,legit
725,datax.baidu.com,baidu,legit
726,res2.download.iyuntian.com,iyuntian,legit
727,fun.80pai.cc,80pai,legit
728,sclick.baidu.com,baidu,legit
729,3.WAP517.BIZ,WAP517,legit
730,api.share.baidu.com,baidu,legit
731,WWW.FZII.NET,FZII,legit
732,s.lianmeng.360.cn,360,legit
733,1522.yaoyan923.org,yaoyan923,dga
734,wudiaiying1.oicp.net,oicp,legit
735,0582.xicp.net,xicp,legit
736,nbhk.net,nbhk,legit
737,www.9646.com,9646,legit
738,www.490a-B8B5-9B8C1E870B0C.com,490a-B8B5-9B8C1E870B0C,dga
739,chinagov.8800.org,8800,legit
740,xxttddos.3322.org,3322,legit
741,zjgj.f3322.net,f3322,legit
742,c.spiritsoft.cn,spiritsoft,legit
743,ope.tanx.com,tanx,legit
744,yjt123.wicp.net,wicp,legit
745,1475912119.csrvc.com,csrvc,legit
746,feifan.eatuo.com,eatuo,legit
747,cm.g.doubleclick.net,doubleclick,legit
748,mm.aa88567.cn,aa88567,dga
749,www.pc28.am,pc28,legit
750,update2.jiangmin.com,jiangmin,legit
751,cs6.duba.net,duba,legit
752,www.ll52.cc,ll52,legit
753,rj.wlwhz.cn,wlwhz,legit
754,qup.f.360.cn,360,legit
755,ss2233.f3322.net,f3322,legit
756,first-usapro.info,first-usapro,legit
757,infoc2.duba.net,duba,legit
758,zxtongxin.cn,zxtongxin,legit
759,ini.update.360safe.com,360safe,legit
760,www.yichun178.com,yichun178,legit
761,iidiat.com,iidiat,legit
762,222.186.31.206,222.186.31.206,dga
763,ifeng858754.com,ifeng858754,dga
764,coyiej.com,coyiej,legit
765,dnl-04.geo.kaspersky.com,kaspersky,legit
766,asw74121.0324.tepmp.com,tepmp,legit
767,cms.tanx.com,tanx,legit
768,pv.sohu.com,sohu,legit
769,www.fs-kl.com,fs-kl,legit
770, . . , ,legit
771,55.WAP517.US,WAP517,legit
772,q4741123.3322.org,3322,legit
773,apps.bdimg.com,bdimg,legit
774,hzs9.cnzz.com,cnzz,legit
775,www.398777.com,398777,legit
776,shuju54.precise-connection.com.cn,precise-connection,legit
777,t.ss3389.top,ss3389,legit
778,weidi9527.f3322.org,f3322,legit
779,scsc10.xicp.net,xicp,legit
780,b.rbqvpt.cn,rbqvpt,legit
781,ylrdry.com,ylrdry,legit
782,sanwenuanwx.com,sanwenuanwx,legit
783,img.cxmx.com.cn,cxmx,legit
784,gy.daweiblk.com,daweiblk,legit
785,update.p2sp.baidu.com,baidu,legit
786,hdjs.hiido.com,hiido,legit
787,updatem.360safe.com,360safe,legit
788,pingfore.qq.com,pingfore,legit
789,www.ip123.com.cn,ip123,legit
790,api.pc120.com,pc120,legit
791,yxsbba.f3322.net,f3322,legit
792,ym.usuhome.com,usuhome,legit
793,www.9646b.com,9646b,legit
794,admin-pc.f3322.net,f3322,legit
795,0.nettime.pool.ntp.org,ntp,legit
796,t2292421070.wicp.net,wicp,legit
797,img1.37wanimg.com,37wanimg,legit
798,onkky.cn,onkky,legit
799,cm.he2d.com,he2d,legit
800,cc.ll52.cc,ll52,legit
801,www.ljh1314.com,ljh1314,dga
802,update10.jiangmin.com,jiangmin,legit
803,vi.pc120.com,pc120,legit
804,blog.sina.com.cn,sina,legit
805,www.google-analytics.com,google-analytics,legit
806,conf.f.360.cn,360,legit
807,ynfbm.com,ynfbm,legit
808,08update14.jiangmin.com,jiangmin,legit
809,get-multiple.link,get-multiple,legit
810,123456.admin21.com,admin21,legit
811,55.WAP517.BIZ,WAP517,legit
812,www.cafepress.com,cafepress,legit
813,dongxinh.com,dongxinh,legit
814,jx99.wicp.net,wicp,legit
815,www.roadgod.top,roadgod,legit
816,pos.baidu.com,baidu,legit
817,res.udb.duowan.com,duowan,legit
818,maidou.wicp.net,wicp,legit
819,files.cnblogs.com,cnblogs,legit
820,music.mbsaeger.com,mbsaeger,legit
821,rat4.100geili.com,100geili,legit
822,rj.39k.pw,39k,legit
823,softm-s.update.360safe.com,360safe,legit
824,ssslll.qzone.qq.com,ssslll.qzone,legit
825,eiv.baidu.com,baidu,legit
826,www.swtmicp.org,swtmicp,legit
827,down.72zx.com,72zx,legit
828,css.myhsw.cn,myhsw,legit
829,news.southcn.com,southcn,legit
830,vbnet.mvps.org,mvps,legit
831,tk.download.iyuntian.com,iyuntian,legit
832,ss1.bdstatic.com,bdstatic,legit
833,s9.cnzz.com,cnzz,legit
834,360s.kfj.cc,kfj,legit
835,topic.autohome.com.cn,autohome,legit
836,users.qzone.qq.com,users.qzone,legit
837,www.gassxxx.com,gassxxx,legit
838,08update1.jiangmin.com,jiangmin,legit
839,1321.f3322.org,f3322,legit
840,cu007.www.duba.net,duba,legit
841,exp17.eset.com,eset,legit
842,myexternalip.com,myexternalip,legit
843,bo.duba.net,duba,legit
844,static.su.baidu.com,baidu,legit
845,spl0it.ersidc.org,ersidc,legit
846,ocweax.com,ocweax,legit
847,gtms03.alicdn.com,alicdn,legit
848,linux.yiqing.pw,yiqing,legit
849,sanhaofushi.com,sanhaofushi,legit
850,8871.wg2014wg.com,wg2014wg,dga
851,z4.cnzz.com,cnzz,legit
852,um07.eset.com,eset,legit
853,3g.jhnanke.cn,jhnanke,legit
854,08update11.jiangmin.com,jiangmin,legit
855,cookiem.37.com,cookiem,legit
856,hzs1.cnzz.com,cnzz,legit
857,winba.f3322.net,f3322,legit
858,up8.nba1001.com,nba1001,legit
859,exp16.eset.com,eset,legit
860,www.jsadc1916.linkpc.net,linkpc,legit
861,www.mddos.com,mddos,legit
862,cu010.www.duba.net,duba,legit
863,a736.f3322.org,f3322,legit
864,cm.fastapi.net,fastapi,legit
865,nbliwa.com,nbliwa,legit
866,tjs.sjs.sinajs.cn,sinajs,legit
867,logo.niubidelogo.com,niubidelogo,legit
868,guess.union2.50bang.org,50bang,legit
869,cdn.myspservices.com,myspservices,legit
870,win.wluoyun.com,wluoyun,legit
871,liu664952751.3322.org,3322,legit
872,cyaiwb.wicp.net,wicp,legit
873,www.guixi.gov.cn,guixi,legit
874,lhy3944335.vicp.net,vicp,legit
875,www.wxyun.org,wxyun,legit
876,ssl.globals12.info,globals12,legit
877,www.siyujiafang.com,siyujiafang,legit
878,bao.fz293.top,fz293,legit
879,cc.anquye.mobi,anquye,legit
880,www.163.com,163,legit
881,1.nettime.pool.ntp.org,ntp,legit
882,www.52cps.com,52cps,legit
883,update14.jiangmin.com,jiangmin,legit
884,www.foxdos.cc,foxdos,legit
885,www.he3ns1k.info,he3ns1k,dga
886,www.521cyh.com,521cyh,legit
887,update12.jiangmin.com,jiangmin,legit
888,w.360.cn,360,legit
889,thestop.com.cn,thestop,legit
890,yeuoyw.com,yeuoyw,legit
891,xiao88688.f3322.net,f3322,legit
892,api.greenerweb.info,greenerweb,legit
893,rsup11.rising.com.cn,rising,legit
894,fpdownload.macromedia.com,macromedia,legit
895,www.h123.tv,h123,legit
896,web.lylss.com,lylss,legit
897,www.alddos.com,alddos,legit
898,www.cokecat.com,cokecat,legit
899,html5shim.googlecode.com,googlecode,legit
900,dnl-13.geo.kaspersky.com,kaspersky,legit
901,cc.ddxiaoma.com,ddxiaoma,legit
902,w.cnzz.com,cnzz,legit
903,a5065806.f3322.net,f3322,legit
904,dnl-07.geo.kaspersky.com,kaspersky,legit
905,netsyst.6ssf.com,6ssf,legit
906,taizezhonghe.com,taizezhonghe,legit
907,pop4.123fga.cn,123fga,legit
908,t.cn,t,legit
909,chaoab.f3322.org,f3322,legit
910,dl.app.sogou.com,sogou,legit
911,xdlj.3322.org,3322,legit
912,soft.txhuangjin.com,txhuangjin,legit
913,good.ta80.com,ta80,legit
914,img3.redocn.com,redocn,legit
915,tcss.qq.com,tcss,legit
916,b.yzcdn.cn,yzcdn,legit
917,www.maifangtuan188.com,maifangtuan188,legit
918,clothdiapersexpert.com,clothdiapersexpert,legit
919,update8.jiangmin.com,jiangmin,legit
920,www.qyhxyw.com,qyhxyw,legit
921,zcy.f3322.net,f3322,legit
922,gy9.gyddos.com,gyddos,legit
923,lubentaofeiq.blog.sohu.com,sohu,legit
924,dkzdot.com,dkzdot,legit
925,record.4399.com,4399,legit
926,8787666.7766.org,7766,legit
927,224015.f3322.net,f3322,legit
928,www.yunduan918.com,yunduan918,legit
929,help.weibo.com,weibo,legit
930,mqq-imgcache.gtimg.cn,gtimg,legit
931,images1.jyimg.com,jyimg,legit
932,u11.eset.com.cn,eset,legit
933,rongtao.3322.org,3322,legit
934,v1.cnzz.com,cnzz,legit
935,www.fsh8.com,fsh8,legit
936,zuoyanwu.f3322.org,f3322,legit
937,dnl-08.geo.kaspersky.com,kaspersky,legit
938,nyxjdr.com,nyxjdr,legit
939,s20.cnzz.com,cnzz,legit
940,t.sogou.com,sogou,legit
941,www.567123456.com,567123456,legit
942,download.ie.sogou.com,sogou,legit
943,ping.t.sogou.com,sogou,legit
944,hack.yigu520.com,yigu520,legit
945,t333344.wicp.net,wicp,legit
946,52388828.gnway.cc,gnway,legit
947,www.fc.sn.cn,www,legit
948,s1221.f3322.net,f3322,legit
949,bj.bcebos.com,bcebos,legit
950,byt.f3322.org,f3322,legit
951,ap3.liuliangbao.cn,liuliangbao,legit
952,mm522313670.3322.org,3322,legit
953,www.520520520.org,520520520,legit
954,bid.las01.wwwpromoter.com,wwwpromoter,legit
955,404.safedog.cn,safedog,legit
956,ap3.sap1000.com,sap1000,legit
957,rj.8818c.com,8818c,legit
958,ap.liuliangbao.cn,liuliangbao,legit
959,dl.static.iqiyi.com,iqiyi,legit
960,rsup3.rising.com.cn,rising,legit
961,downloads2.kaspersky-labs.com,kaspersky-labs,legit
962,ap2.liuliangbao.cn,liuliangbao,legit
963,5862.com,5862,legit
964,imgstore01.cdn.sogou.com,sogou,legit
965,dnl-16.geo.kaspersky.com,kaspersky,legit
966,a249534217.f3322.org,f3322,legit
967,pingjs.qq.com,pingjs,legit
968,jq.sshtdk.com,sshtdk,legit
969,www.mhlsf3322.com,mhlsf3322,dga
970,css.ed-vis.com,ed-vis,legit
971,zzm855881.f3322.net,f3322,legit
972,a135.f3322.net,f3322,legit
973,hakj.3322.org,3322,legit
974,www.emmy2015.com,emmy2015,legit
975,sgzb.f3322.net,f3322,legit
976,i.nba1001.com,nba1001,legit
977,www.net.cn,www,legit
978,ue1.17173.itc.cn,itc,legit
979,www.rm028.com,rm028,legit
980,hackbox.f3322.org,f3322,legit
981,www.126.com,126,legit
982,c4txt.com,c4txt,legit
983,www.007au.net,007au,legit
984,huanxiang914.meibu.net,meibu,legit
985,08update17.jiangmin.com,jiangmin,legit
986,gci.m58.cc,m58,legit
987,www.sogou.com,sogou,legit
988,www.9646m.com,9646m,legit
989,10.nsvjn987.com,nsvjn987,dga
990,s.weibo.com,weibo,legit
991,che521123.3322.org,3322,legit
992,ant.trenz.pl,trenz,legit
993,hackmonkey520.3322.org,3322,legit
994,cdn.tgp.qq.com,cdn.tgp,dga
995,www.beike.cn,beike,legit
996,scyiyuxuan.cn,scyiyuxuan,dga
997,mhomeusa.com,mhomeusa,legit
998,rl.ammyy.com,ammyy,legit
999,www.beijing.gov.cn,beijing,legit
1000,www.5173vs.com,5173vs,legit
1001,08update15.jiangmin.com,jiangmin,legit
1002,ifr.duba.net,duba,legit
1003,www.ll0w.com,ll0w,legit
1004,s.360.cn,360,legit
1005,wlyz123.yesjz.cn,yesjz,legit
1006,www.wangyoudao.org,wangyoudao,legit
1007,tongji.yinyue.fm,yinyue,legit
1008,manhack.f3322.org,f3322,legit
1009,haolanlan.top,haolanlan,legit
1010,oso.35ts.com,35ts,legit
1011,cm.pos.baidu.com,baidu,legit
1012,qiaom.3322.org,3322,legit
1013,w.redhat-up.com,redhat-up,legit
1014,www.dkhiphopclass.com,dkhiphopclass,legit
1015,updateh.360safe.com,360safe,legit
1016,ww29.xxx.18dmm.com,18dmm,legit
1017,www.360safe.com,360safe,legit
1018,zhuji.360.cn,360,legit
1019,c3o5cmwww.3737pk.com,3737pk,legit
1020,xlgqmz.tk,xlgqmz,legit
1021,xiaoyuer001.f3322.org,f3322,legit
1022,www.58bookbao.com,58bookbao,legit
1023,imageplus.baidu.com,baidu,legit
1024,s1.56645.com,56645,legit
1025,dnl-02.geo.kaspersky.com,kaspersky,legit
1026,img03.taobaocdn.com,taobaocdn,legit
1027,changyan.sohu.com,sohu,legit
1028,www.51zy.net,51zy,legit
1029,image2.sina.com.cn,sina,legit
1030,a.05916.com,05916,legit
1031,dnl-01.geo.kaspersky.com,kaspersky,legit
1032,rat5.100geili.com,100geili,legit
1033,data.92taojin.com,92taojin,legit
1034,www.jianji8888.com,jianji8888,legit
1035,vr2.6rooms.com,6rooms,legit
1036,db.zun.gd,zun,legit
1037,www.9646n.com,9646n,legit
1038,ajax.googleapis.com,googleapis,legit
1039,92vpn.com,92vpn,legit
1040,www.1077999.com,1077999,dga
1041,3.NS1631261.COM,NS1631261,dga
1042,cu003.www.duba.net,duba,legit
1043,mc.mcwlsd.com,mcwlsd,legit
1044,www.36123.com,36123,legit
1045,www.hansoh.cn,hansoh,legit
1046,3.WAP517.US,WAP517,legit
1047,qgcdn1.gtimg.com,gtimg,legit
1048,z11.cnzz.com,cnzz,legit
1049,hzs22.cnzz.com,cnzz,legit
1050,stacon.eu,stacon,legit
1051,z529301655.3322.org,3322,legit
1052,lolgzl.top,lolgzl,legit
1053,d.gy7n.com,gy7n,legit
1054,wlaq.me,wlaq,legit
1055,qqq2638900981.oicp.net,oicp,legit
1056,weblbs.yystatic.com,yystatic,legit
1057,ixp.cu.ccsinabloglist.asp?from=jsq,asp,legit
1058,bot.tei.tf,tei,legit
1059,www.d99net.net,d99net,legit
1060,update-s.360safe.com,360safe,legit
1061,147.5-32.com,5-32,legit
1062,img.tianqi.com,tianqi,legit
1063,40588.com,40588,legit
1064,softm.update.360safe.com,360safe,legit
1065,www.200089.pw,200089,legit
1066,dns.360ddos.com,360ddos,dga
1067,www.922633.com,922633,legit
1068,ikan.baidu.com,baidu,legit
1069,s.baoyatu.cc,baoyatu,legit
1070,www.521ez.com,521ez,legit
1071,the-ruin.com,the-ruin,legit
1072,openclose.zamenhost.org,zamenhost,legit
1073,qjaigao.com,qjaigao,legit
1074,img.res.szgla.com,szgla,legit
1075,7067726.f3322.net,f3322,legit
1076,pz.baogonghui.com,baogonghui,legit
1077,www.caicaiudp.top,caicaiudp,legit
1078,material.mediav.com,mediav,legit
1079,json.myhsw.cn,myhsw,legit
1080,gameapp.37.com,gameapp,legit
1081,9090.zhao113.com,zhao113,legit
1082,rsdownauto.rising.com.cn,rising,legit
1083,microsoft.com,microsoft,legit
1084,vr1.6rooms.com,6rooms,legit
1085,a2336888156.oicp.net,oicp,legit
1086,pan123457.f3322.org,f3322,legit
1087,pop1.123fga.cn,123fga,legit
1088,www.woaiye.com,woaiye,legit
1089,heijiabai.vicp.io,vicp,legit
1090,g7c1gowww.3737pk.com,3737pk,legit
1091,swlove.3322.org,3322,legit
1092,liliameng.eicp.net,eicp,legit
1093,dnl-17.geo.kaspersky.com,kaspersky,legit
1094,exp05.eset.com,eset,legit
1095,pt.clickdata.37wan.com,37wan,legit
1096,jiatofu.com,jiatofu,legit
1097,count18.51yes.com,51yes,legit
1098,iglesiaelrenacer.com,iglesiaelrenacer,legit
1099,dkt.zoosnet.net,zoosnet,legit
1100,www.438u.com,438u,legit
1101,stat.funshion.net,funshion,legit
1102,xite3010215461.pw,xite3010215461,dga
1103,tlwg.vicp.net,vicp,legit
1104,vicky.9966.org,9966,legit
1105,rat1254.ddns.net,ddns,legit
1106,homiao.com,homiao,legit
1107,www.youtube.com,youtube,legit
1108,asearch.alicdn.com,alicdn,legit
1109,www.wmsjsf.com,wmsjsf,legit
1110,ddosxp88.vicp.net,vicp,legit
1111,divine-music.info,divine-music,legit
1112,xtt1.f3322.net,f3322,legit
1113,sp0.baidu.com,baidu,legit
1114,www.se2587.com,se2587,legit
1115,sp1.baidu.com,baidu,legit
1116,www.pk1100.com,pk1100,legit
1117,691102.f3322.org,f3322,legit
1118,xiaochenga.3322.org,3322,legit
1119,downloads14.kaspersky-labs.com,kaspersky-labs,legit
1120,12-56.xicp.net,xicp,legit
1121,www.xiaotaopai.com,xiaotaopai,legit
1122,downloads19.kaspersky-labs.com,kaspersky-labs,legit
1123,hkinggov.f3322.net,f3322,legit
1124,newcastle.f3322.net,f3322,legit
1125,xdgfs.f3322.org,f3322,legit
1126,chi-na.f3322.net,f3322,legit
1127,ie.qqcaller.com,qqcaller,legit
1128,linux.xinhuamei.net,xinhuamei,legit
1129,www.ccb.com,ccb,legit
1130,www.xmhairong.com,xmhairong,legit
1131,vpn.passwaf.com,passwaf,legit
1132,mu756519542.s3.luyouxia.net,luyouxia,legit
1133,shuai1992.f3322.net,f3322,legit
1134,shangxin09.vicp.net,vicp,legit
1135,dsk.f3322.org,f3322,legit
1136,ksby.f3322.net,f3322,legit
1137,ccc.hkdh.org,hkdh,legit
1138,count28.51yes.com,51yes,legit
1139,sla7.cn,sla7,legit
1140,1111.ip138.com,ip138,legit
1141,exp08.eset.com,eset,legit
1142,lgn.yy.com,lgn,legit
1143,www.98yl.com,98yl,legit
1144,u12.eset.com.cn,eset,legit
1145,ad.dedecms.com,dedecms,legit
1146,www.microsoft.com,microsoft,legit
1147,3.ns529.com,ns529,legit
1148,144.dragonparking.com,dragonparking,legit
1149,cache.miniban.cn,miniban,legit
1150,0.gravatar.com,gravatar,legit
1151,static.hsw.cn,hsw,legit
1152,vic.meibu.net,meibu,legit
1153,hackqz.f3322.org,f3322,legit
1154,bgp.100uc.com,100uc,legit
1155,s.cpro.baidu.com,baidu,legit
1156,www.dnzlx.com,dnzlx,legit
1157,liuyizhi.vicp.net,vicp,legit
1158,daqingge.cc,daqingge,legit
1159,exp10.eset.com,eset,legit
1160,pop3.123fga.cn,123fga,legit
1161,dir.minigame.qq.com,dir.minigame,legit
1162,keleck.3322.org,3322,legit
1163,idc.yjzj.org,yjzj,legit
1164,dup.baidustatic.com,baidustatic,legit
1165,www.yy.com,www,legit
1166,feeds.qzone.qq.com,feeds.qzone,legit
1167,downstar.kiss58.org,kiss58,legit
1168,a.is57.com,is57,legit
1169,jj.mcdb.cc,mcdb,legit
1170,hzw2.baidusf.cc,baidusf,legit
1171,s84.cnzz.com,cnzz,legit
1172,urlspirit.spiritsoft.cn,spiritsoft,legit
1173,tbtbcom.6655.la,6655,legit
1174,ma.agkjmz.pw,agkjmz,legit
1175,api.theswiftrecord.com,theswiftrecord,legit
1176,wytcn.com,wytcn,legit
1177,52xuanbing.top.h1.75n.cn,75n,legit
1178,downloads15.kaspersky-labs.com,kaspersky-labs,legit
1179,dnl-03.geo.kaspersky.com,kaspersky,legit
1180,iau.trendmicro.com.cn,trendmicro,legit
1181,www.xastar.cn,xastar,legit
1182,bbs.gament.net,gament,legit
1183,www.hkrzm.com,hkrzm,legit
1184,s1.bdstatic.com,bdstatic,legit
1185,stat.e.tf.360.cn,360,legit
1186,umcdn.uc.cn,umcdn,legit
1187,rsup7.rising.com.cn,rising,legit
1188,hyuwen.com,hyuwen,legit
1189,dashengyeyeye.eicp.net,eicp,legit
1190,asa.f3322.net,f3322,legit
1191,emyfs.bs2cdn.yy.com,emyfs.bs2cdn,dga
1192,yk.17yulb.cn,17yulb,legit
1193,b999b.3322.org,3322,legit
1194,xincaonima.f3322.net,f3322,legit
1195,xp.401hk.com,401hk,legit
1196,3.nsvhn987.com,nsvhn987,dga
1197,ap2.sap1000.com,sap1000,legit
1198,hao.360.cn,360,legit
1199,up.nba1001.com,nba1001,legit
1200,5.qqm98.com,qqm98,legit
1201,xdlj.f3322.org,f3322,legit
1202,08update7.jiangmin.com,jiangmin,legit
1203,ouyang.639139.com,639139,legit
1204,www.lxi3.com,lxi3,legit
1205,www.zhentan.co,zhentan,legit
1206,ad.qqfarmer.com.cn,qqfarmer,legit
1207,clickc.admaster.com.cn,admaster,legit
1208,vj0.6rooms.com,6rooms,legit
1209,asphxg.f3322.org,f3322,legit
1210,qinfeng.f3322.net,f3322,legit
1211,exp18.eset.com,eset,legit
1212,jbauoj.com,jbauoj,legit
1213,tqgbyy.com,tqgbyy,legit
1214,dnl-18.geo.kaspersky.com,kaspersky,legit
1215,3.nsvjn987.com,nsvjn987,dga
1216,xiazai.sogou.com,sogou,legit
1217,web.okmayi.com,okmayi,legit
1218,update.dnscom.org,dnscom,legit
1219,www.6z.hk,www,legit
1220,tianyuddos.top,tianyuddos,legit
1221,hkming.f3322.org,f3322,legit
1222,js.t.sinajs.cn,sinajs,legit
1223,u17.eset.com.cn,eset,legit
1224,qianxue.wicp.net,wicp,legit
1225,www.radiotj.com,radiotj,legit
1226,qq961034319.xicp.net,xicp,legit
1227,m.hzjjn.com,hzjjn,legit
1228,cltres3.liuliangbao.cn,liuliangbao,legit
1229,find.yyemebed.yy.com,find.yyemebed,legit
1230,gd1.alicdn.com,alicdn,legit
1231,reguser.sdo.com,sdo,legit
1232,a223114.vicp.cc,vicp,legit
1233,www.26662222.com,26662222,dga
1234,wz.hongyimeinv.com,hongyimeinv,legit
1235,woaini65.f3322.net,f3322,legit
1236,cs8.duba.net,duba,legit
1237,sd.p.360.cn,360,legit
1238,img.alicdn.com,alicdn,legit
1239,cs7.duba.net,duba,legit
1240,api.huweishen.com,huweishen,legit
1241,exp14.eset.com,eset,legit
1242,www.xxz.gov.cn,xxz,legit
1243,sp3.baidu.com,baidu,legit
1244,u9.eset.com.cn,eset,legit
1245,wpa.qq.com,wpa,legit
1246,zhanshens.gnway.cc,gnway,legit
1247,update.123juzi.net,123juzi,legit
1248,447556707.com,447556707,dga
1249,gpedit.top,gpedit,legit
1250,rsup9.rising.com.cn,rising,legit
1251,admin008.f3322.org,f3322,legit
1252,gtm-self.avg.com,avg,legit
1253,zyymoo.com,zyymoo,legit
1254,suggestion.baidu.com,baidu,legit
1255,feiqupgrade.blog.sohu.com,sohu,legit
1256,hdflq.juezhansifu.com,juezhansifu,legit
1257,count26.51yes.com,51yes,legit
1258,zhaoaxin.f3322.net,f3322,legit
1259,cu002.www.duba.net,duba,legit
1260,log.mmstat.com,mmstat,legit
1261,suzejun.basecn.cn,basecn,legit
1262,jd.wekbo.com,wekbo,legit
1263,router.bitcomet.net,bitcomet,legit
1264,xiaxiansheng.f3322.net,f3322,legit
1265,7ktv.vip,7ktv,legit
1266,union2.50bang.org,50bang,legit
1267,3.ns2275ab.com,ns2275ab,dga
1268,vip.cfxbkj.com,cfxbkj,legit
1269,www.42sf.com,42sf,legit
1270,tazhao.7766.org,7766,legit
1271,dnl-10.geo.kaspersky.com,kaspersky,legit
1272,www.mimi.la,mimi,legit
1273,a.nba1001.com,nba1001,legit
1274,www.myhostadmin.net,myhostadmin,legit
1275,xxbaru.com,xxbaru,legit
1276,eiorwe.com,eiorwe,legit
1277,pingtcss.qq.com,pingtcss,legit
1278,counf26.51yes.com,51yes,legit
1279,prodocument.co.uk,prodocument,legit
1280,xlxl.f3322.org,f3322,legit
1281,down.360safe.com,360safe,legit
1282,wx.qq.com,wx,legit
1283,lebo.baidu.com,baidu,legit
1284,hack-5555.f3322.org,f3322,legit
1285,3.NS1631263.INFO,NS1631263,dga
1286,hackxd.f3322.net,f3322,legit
1287,u.tnbyy010.com,tnbyy010,dga
1288,www.feifan0308.top,feifan0308,dga
1289,sdup.qh-lb.com,qh-lb,legit
1290,wanmidi.f3322.org,f3322,legit
1291,crl.thawte.com,thawte,legit
1292,yaho22.zapto.org,zapto,legit
1293,jfdashijie.3322.org,3322,legit
1294,gggg.iok.la,iok,legit
1295,masan3033.vicp.net,vicp,legit
1296,css.res.szgla.cn,szgla,legit
1297,static.down.72zx.com,72zx,legit
1298,exe.wodepay.net,wodepay,legit
1299,cdn.tanx.com,tanx,legit
1300,tmedia.p2sp.baidu.com,baidu,legit
1301,qazpgb.com,qazpgb,legit
1302,wz4.cc,wz4,legit
1303,www.3-0b6f-415d-b5c7-832f0.com,3-0b6f-415d-b5c7-832f0,dga
1304,2kui.f3322.net,f3322,legit
1305,js.eeeqi.cn,eeeqi,legit
1306,www.linuxddos.win,linuxddos,legit
1307,www.uqu.news,uqu,legit
1308,u7.eset.com.cn,eset,legit
1309,sinastorage.com,sinastorage,legit
1310,yaohan.f3322.net,f3322,legit
1311,vip.jixing8.com,jixing8,legit
1312,location.br.baidu.com,baidu,legit
1313,www.vddos.top,vddos,legit
1314,blanky.xyz,blanky,legit
1315,ratcome.1cm.men,1cm,legit
1316,hzs10.cnzz.com,cnzz,legit
1317,863434445.f3322.net,f3322,legit
1318,1697817057.f3322.net,f3322,legit
1319,get.sogou.com,sogou,legit
1320,https,https,legit
1321,teazian.com,teazian,legit
1322,fonts.googleapis.com,googleapis,legit
1323,windowsupdate.microsoft.com,microsoft,legit
1324,981528983.tl-ip.com,tl-ip,legit
1325,10.ns768.com,ns768,legit
1326,us0.spiritsoft.cn,spiritsoft,legit
1327,update7.jiangmin.com,jiangmin,legit
1328,a.tanx.com,tanx,legit
1329,dl.360safe.com,360safe,legit
1330,www.cctvtb.com,cctvtb,legit
1331,h.ydsm668.com,ydsm668,dga
1332,h.nba1001.com,nba1001,legit
1333,up2.nba1001.com,nba1001,legit
1334,zf1.zeroredirect11.com,zeroredirect11,legit
1335,hackyouhuo.52tt.net,52tt,legit
1336,jie110119.f3322.net,f3322,legit
1337,su.bdimg.com,bdimg,legit
1338,www.jindihuizhong.com,jindihuizhong,legit
1339,508858583.f3322.net,f3322,legit
1340,s.arclk.net,arclk,legit
1341,download.2345.cn,2345,legit
1342,whz464555.f3322.org,f3322,legit
1343,count38.51yes.com,51yes,legit
1344,hzs24.cnzz.com,cnzz,legit
1345,combo.b.qq.com,combo.b,legit
1346,cvvfdgfdgd.s.f3322.org,f3322,legit
1347,up9.nba1001.com,nba1001,legit
1348,orange.6655.la,6655,legit
1349,rsup16.rising.com.cn,rising,legit
1350,um01.eset.com,eset,legit
1351,static-hp-eas-s-msn-com.akamaized.net,akamaized,legit
1352,jgtm.ctrl2015.com,ctrl2015,dga
1353,gtd.alicdn.com,alicdn,legit
1354,tva4.sinaimg.cn,sinaimg,legit
1355,z13.cnzz.com,cnzz,legit
1356,cn.dragonparking.com,dragonparking,legit
1357,uu33780179.f3322.org,f3322,legit
1358,qup.qh-lb.com,qh-lb,legit
1359,www.openclose.ir,openclose,legit
1360,xiaowei623.f3322.net,f3322,legit
1361,www.13cz.com,13cz,legit
1362,zj.xx365.cc,xx365,legit
1363,ywxx.f3322.org,f3322,legit
1364,push.zhanzhang.baidu.com,baidu,legit
1365,go.microsoft.com,microsoft,legit
1366,sestat.baidu.com,baidu,legit
1367,ys-j.ys168.com,ys168,legit
1368,isubuu.com,isubuu,legit
1369,cyddos.com,cyddos,legit
1370,a009188.xicp.net,xicp,legit
1371,skycn.cn-soft.com,cn-soft,legit
1372,yy22815.com,yy22815,dga
1373,ap1.sap1000.com,sap1000,legit
1374,s79.cnzz.com,cnzz,legit
1375,pw.cnzz.com,cnzz,legit
1376,www.9646f.com,9646f,legit
1377,img.t.sinajs.cn,sinajs,legit
1378,caixiaoqing.f3322.net,f3322,legit
1379,tj.nba1001.net,nba1001,legit
1380,hknon.pw,hknon,legit
1381,3.nettime.pool.ntp.org,ntp,legit
1382,www.ryt5206.com,ryt5206,legit
1383,www.xsghost.com,xsghost,legit
1384,guujmw.com,guujmw,legit
1385,cd002.www.duba.net,duba,legit
1386,dlone.cn,dlone,legit
1387,mc.mcdreams.top,mcdreams,legit
1388,static.2144gy.com,2144gy,legit
1389,pc.mvnpc.com,mvnpc,legit
1390,v1.jiathis.com,jiathis,legit
1391,downloads3.kaspersky-labs.com,kaspersky-labs,legit
1392,vip.360ddos.com,360ddos,dga
1393,u18.eset.com.cn,eset,legit
1394,www.w3.org,www,legit
1395,ff9608790.f3322.org,f3322,legit
1396,l.qq.com,l,legit
1397,show.g.mediav.com,mediav,legit
1398,df.tanx.com,tanx,legit
1399,www.jiaozhu.net,jiaozhu,legit
1400,kou.hyxxzzc.com,hyxxzzc,dga
1401,3.NS1631263.ORG,NS1631263,dga
1402,img1.loadtr.com,loadtr,legit
1403,10.nsvhn987.com,nsvhn987,dga
1404,jjx52013.gicp.net,gicp,legit
1405,static.sdg-china.com,sdg-china,legit
1406,nje8.cn,nje8,legit
1407,m.44123456.com,44123456,legit
1408,www.9646.net,9646,legit
1409,update19.jiangmin.com,jiangmin,legit
1410,ip.cn,ip,legit
1411,rsup4.rising.com.cn,rising,legit
1412,www.bonree.com,bonree,legit
1413,nb.ggxiaozi.com,ggxiaozi,legit
1414,m.hao123.com,hao123,legit
1415,u10.eset.com.cn,eset,legit
1416,zj.bodyputter.com,bodyputter,legit
1417,web.51.la,web,legit
1418,190.ns768.com,ns768,legit
1419,bymiaomiao.vicp.cc,vicp,legit
1420,loveavril.f3322.org,f3322,legit
1421,c.msn.com,msn,legit
1422,i.sso.sina.com.cn,sina,legit
1423,xxx.18dmm.com,18dmm,legit
1424,gj.519300.com,519300,legit
1425,yongheng.zicp.net,zicp,legit
1426,e.nba1001.com,nba1001,legit
1427,ghulam.com,ghulam,legit
1428,z2.19950501.com,19950501,dga
1429,downloads4.kaspersky-labs.com,kaspersky-labs,legit
1430,qq1160735592.f3322.net,f3322,legit
1431,hypmp.haiyunx.com,haiyunx,legit
1432,pengtao789.f3322.net,f3322,legit
1433,cdn.bootcss.com,bootcss,legit
1434,passport.baidu.com,baidu,legit
1435,sc2.hao123img.com,hao123img,legit
1436,gss2.bdstatic.com,bdstatic,legit
1437,www.ip138.com,ip138,legit
1438,vipdekaron.xicp.net,xicp,legit
1439,ss3.baidu.com,baidu,legit
1440,reportq.rising.com.cn,rising,legit
1441,user.okmayi.com,okmayi,legit
1442,time.stdtime.gov.tw,stdtime,legit
1443,changba.com,changba,legit
1444,cpro.baidustatic.com,baidustatic,legit
1445,www.qq.com,www,legit
1446,udp.f3322.net,f3322,legit
1447,tjzg.net,tjzg,legit
1448,update5.jiangmin.com,jiangmin,legit
1449,q549677933.3322.org,3322,legit
1450,lin1314520.f3322.net,f3322,legit
1451,valea.bg,valea,legit
1452,i03.pic.sogou.com,sogou,legit
1453,guru.avg.com,avg,legit
1454,vj3.6rooms.com,6rooms,legit
1455,hexunsoft.com,hexunsoft,legit
1456,vj1.6rooms.com,6rooms,legit
1457,toto.ysjwj.com,ysjwj,legit
1458,u5.eset.com.cn,eset,legit
1459,www.onkky.cn,onkky,legit
1460,1691.game5210.com,game5210,legit
1461,cs3.duba.net,duba,legit
1462,hdj.baidu.com,baidu,legit
1463,hkxxx.f3322.net,f3322,legit
1464,qd.code.360.cn,360,legit
1465,chaonuzu.com,chaonuzu,legit
1466,liyongyong88.3322.org,3322,legit
1467,lang12397007.2288.org,2288,legit
1468,yk.500my.com,500my,legit
1469,dna.biddingx.com,biddingx,legit
1470,wo.mclive.top,mclive,legit
1471,hackertoday.f3322.net,f3322,legit
1472,ddos.cdddos.top,cdddos,legit
1473,hzs14.cnzz.com,cnzz,legit
1474,impservice.union.youdao.com,youdao,legit
1475,update.nai.com,nai,legit
1476,starstherapy.in,starstherapy,legit
1477,dns.hhxx.com,hhxx,legit
1478,exp13.eset.com,eset,legit
1479,err.xasn.com,xasn,legit
1480,nlhomegarden.com,nlhomegarden,legit
1481,urwcju.com,urwcju,legit
1482,www.southcn.com,southcn,legit
1483,zhangyucha.f3322.net,f3322,legit
1484,www.af0575.com,af0575,legit
1485,level4.cn,level4,legit
1486,tutwl.3322.org,3322,legit
1487,wengeyuankong.f3322.net,f3322,legit
1488,sys.tbgjwz.com,tbgjwz,legit
1489,huanghe110.3322.org,3322,legit
1490,www.851733.cn,851733,legit
1491,cloudcdn.yousee.com,yousee,legit
1492,3.bp.blogspot.com,blogspot,legit
1493,www.haofbi.com,haofbi,legit
1494,www.guiyijcw.com,guiyijcw,dga
1495,x;d2kqwww.3737pk.com,3737pk,legit
1496,z.rising.com.cn,rising,legit
1497,qyhxyw.com,qyhxyw,legit
1498,bpa.baidu.com,baidu,legit
1499,10.ns529.com,ns529,legit
1500,ty8888.f3322.net,f3322,legit
1501,66.8ox.cn,8ox,legit
1502,bbs.xianyudnf.com,xianyudnf,legit
1503,game.fun598.com,fun598,legit
1504,www.google.com,google,legit
1505,1118.my1689.com,my1689,legit
1506,v2-7.mypcqq.net,mypcqq,legit
1507,hk.maolvgg.xyz,maolvgg,legit
1508,gzs20.cnzz.com,cnzz,legit
1509,6sky6.win,6sky6,legit
1510,fuckyourmama.gicp.net,gicp,legit
1511,www.ysdyp.cn,ysdyp,legit
1512,up6.nba1001.com,nba1001,legit
1513,whpuxin.com,whpuxin,legit
1514,rsup18.rising.com.cn,rising,legit
1515,report.b.qq.com,report.b,legit
1516,news.sina.com.cn,sina,legit
1517,www.icoat.cc,icoat,legit
1518,www.avtai.cc,avtai,legit
1519,nirl.cn,nirl,legit
1520,cu015.www.duba.net,duba,legit
1521,www.pkdnf.cn,pkdnf,legit
1522,api.mypcqq.net,mypcqq,legit
1523,tfs.alipayobjects.com,alipayobjects,legit
1524,www.9558123.com,9558123,legit
1525,hao123.baidu.com,baidu,legit
1526,silu.f3322.net,f3322,legit
1527,presentes.com.cn,presentes,legit
1528,www.pgos.cc,pgos,legit
1529,linux.58exp.com,58exp,legit
1530,15b1376z11.imwork.net,imwork,legit
1531,s24.cnzz.com,cnzz,legit
1532,heise.qqvp.cn,qqvp,legit
1533,j.kfire.net,kfire,legit
1534,downloads17.kaspersky-labs.com,kaspersky-labs,legit
1535,iissq.ticp.net,ticp,legit
1536,tva1.sinaimg.cn,sinaimg,legit
1537,cm.hiido.cn,hiido,legit
1538,downcdn1.shgaoxin.net,shgaoxin,legit
1539,qq1254252606.oicp.net,oicp,legit
1540,cu006.www.duba.net,duba,legit
1541,cu005.www.duba.net,duba,legit
1542,zy93.gov.cn,zy93,legit
1543,3.nsb927.com,nsb927,legit
1544,osrepd.com,osrepd,legit
1545,ip.yototoo.com,yototoo,legit
1546,up7.nba1001.com,nba1001,legit
1547,www.dsk99999.cn,dsk99999,legit
1548,52js8.com.cn,52js8,legit
1549,lx10455065.imwork.net,imwork,legit
1550,cs15.duba.net,duba,legit
1551,ssss.kill123.com,kill123,legit
1552,www.safe3.com.cn,safe3,legit
1553,u4.eset.com.cn,eset,legit
1554,img-s-msn-com.akamaized.net,akamaized,legit
1555,dl.qh-lb.com,qh-lb,legit
1556,img.kuaiji.com,kuaiji,legit
1557,papaswf.7766.org,7766,legit
1558,f-sq.beike.cn,beike,legit
1559,t52.yunpc.tv,yunpc,legit
1560,www.linuxqh.top,linuxqh,legit
1561,ss0.bdstatic.com,bdstatic,legit
1562,ap4.sap1000.com,sap1000,legit
1563,parentmodel.biz,parentmodel,legit
1564,tva2.sinaimg.cn,sinaimg,legit
1565,tj.kpzip.com,kpzip,legit
1566,atanx.alicdn.com,alicdn,legit
1567,web.bbq1986.com,bbq1986,dga
1568,ms.anysuns.com,anysuns,legit
1569,swf.123hala.com,123hala,legit
1570,sbcq.f3322.org,f3322,legit
1571,cha97.com,cha97,legit
1572,q1171669496.f3322.net,f3322,legit
1573,mcmilkfwq.vicp.cc,vicp,legit
1574,www.informat1onupd.info,informat1onupd,legit
1575,anona.ddns.net,ddns,legit
1576,2s.qjfdcw.com,qjfdcw,legit
1577,pop5.123fga.cn,123fga,legit
1578,stafftest.ru,stafftest,legit
1579,sdupm.360.cn,360,legit
1580,dc.cokecat.com,cokecat,legit
1581,prom.b.qq.com,prom.b,legit
1582,w1464642840.f3322.org,f3322,legit
1583,hd.duba.net,duba,legit
1584,tj.baogonghui.com,baogonghui,legit
1585,z.hackeryg.win,hackeryg,legit
1586,chinassc.cc,chinassc,legit
1587,www.992674333.mom,992674333,dga
1588,cu016.www.duba.net,duba,legit
1589,jiqiren.sinaapp.com,sinaapp,legit
1590,08.huadu51888.com,huadu51888,legit
1591,cm.jd.com,cm,legit
1592,ilo.brenz.pl,brenz,legit
1593,app.flashfxp.com,flashfxp,legit
1594,www.58sky.com,58sky,legit
1595,img.yzcdn.cn,yzcdn,legit
1596,res.static.sdo.com,sdo,legit
1597,zshack.cn,zshack,legit
1598,say.longIivekorea.in,longIivekorea,legit
1599,s2010218.f3322.net,f3322,legit
1600,0d077ef9e74d8.cdn.sohucs.com,sohucs,legit
1601,c381171089.gicp.net,gicp,legit
1602,x4165750.f3322.org,f3322,legit
1603,dsp.youdao.com,youdao,legit
1604,exp06.eset.com,eset,legit
1605,www.82022333.cn,82022333,dga
1606,emmy2015.com,emmy2015,legit
1607,mmae.qtmojo.com,qtmojo,legit
1608,dnl-06.geo.kaspersky.com,kaspersky,legit
1609,uimg.1qwe3r.com,1qwe3r,legit
1610,bfb.pxms.net,pxms,legit
1611,cs12.duba.net,duba,legit
1612,google.com,google,legit
1613,dldir1.qq.com,dldir1,legit
1614,ybmgq.f3322.net,f3322,legit
1615,www.hkdcr.com,hkdcr,legit
1616,secclientgw.alipay.com,alipay,legit
1617,item.taobao.com,taobao,legit
1618,api.so.lianmeng.360.cn,360,legit
1619,pfp.sina.com.cn,sina,legit
1620,downloads13.kaspersky-labs.com,kaspersky-labs,legit
1621,smtp.163.com,163,legit
1622,rsup13.rising.com.cn,rising,legit
1623,pexxwd.com,pexxwd,legit
1624,yinjijie.com,yinjijie,legit
1625,10.ns792.com,ns792,legit
1626,liuyiaif.tl-ip.com,tl-ip,legit
1627,luob.pw,luob,legit
1628,bltohz.com,bltohz,legit
1629,xwdnkj.tpddns.cn,tpddns,legit
1630,test.g.cn,test,legit
1631,um06.eset.com,eset,legit
1632,static.mediav.com,mediav,legit
1633,imgs.leiting001.com,leiting001,legit
1634,down.9935.org,9935,legit
1635,rr.knet.cn,knet,legit
1636,comment.bjcnc.img.sohucs.com,sohucs,legit
1637,www.qweasd.xyz,qweasd,legit
1638,i41.tinypic.com,tinypic,legit
1639,fget-career.com,fget-career,legit
1640,www.ipc.hk,ipc,legit
1641,keen188.f3322.net,f3322,legit
1642,softdl.360tpcdn.com,360tpcdn,legit
1643,utenti.lycos.it,lycos,legit
1644,qq857541956.f3322.net,f3322,legit
1645,s.p2sp.baidu.com,baidu,legit
1646,morphed.ru,morphed,legit
1647,img.cnzz.net,cnzz,legit
1648,1694.game5210.com,game5210,legit
1649,dcrngezi.3322.org,3322,legit
1650,vps.usbwin.win,usbwin,legit
1651,a951353497.gnway.net,gnway,legit
1652,static.googleadsserving.cn,googleadsserving,legit
1653,itoto.ddns.net,ddns,legit
1654,jiqiren-jiqirendata.stor.sinaapp.com,sinaapp,legit
1655,um09.eset.com,eset,legit
1656,p9130.xiaomo.pw,xiaomo,legit
1657,googleinsert.com,googleinsert,legit
1658,baihemuma.gicp.net,gicp,legit
1659,www.sandidy.com,sandidy,legit
1660,www.xingmm.cc,xingmm,legit
1661,d31qbv1cthcecs.cloudfront.net,cloudfront,legit
1662,rwsoft.cmking.cn,cmking,legit
1663,lxc123.f3322.org,f3322,legit
1664,i1004.photobucket.com,photobucket,legit
1665,o4e7oswww.3737pk.com,3737pk,legit
1666,ghost.passwaf.com,passwaf,legit
1667,yk.aspddos.com,aspddos,legit
1668,fh6x.com,fh6x,legit
1669,c.nba1001.com,nba1001,legit
1670,act.mxd.sdo.com,sdo,legit
1671,download.microsoft.com,microsoft,legit
1672,www.sojiang.com,sojiang,legit
1673,www.roadogd.top,roadogd,legit
1674,tui.cnzz.net,cnzz,legit
1675,user.5iysg.cn,5iysg,legit
1676,timg.baidu.com,baidu,legit
1677,www.it885.com.cn,it885,legit
1678,y9278.f3322.org,f3322,legit
1679,pagead2.googlesyndication.com,googlesyndication,legit
1680,l.armtag.info,armtag,legit
1681,z5.cnzz.com,cnzz,legit
1682,zmsg.f3322.net,f3322,legit
1683,nting.xyz,nting,legit
1684,34004.ckddos.com,ckddos,legit
1685,cu013.www.duba.net,duba,legit
1686,08update10.jiangmin.com,jiangmin,legit
1687,ddos.roadgod.top,roadgod,legit
1688,pop2.123fga.cn,123fga,legit
1689,bj1.haoxiw.com,haoxiw,legit
1690,rj.cfe.pw,cfe,legit
1691,gaopeng.f3322.net,f3322,legit
1692,server.hacku.cn,hacku,legit
1693,n1010.f3322.org,f3322,legit
1694,update1.jiangmin.com,jiangmin,legit
1695,www.678123456.com,678123456,legit
1696,k;q4kqwww.3737pk.com,3737pk,legit
1697,10.nsb927.com,nsb927,legit
1698,www.cnpya.com,cnpya,legit
1699,hack1999s.meibu.net,meibu,legit
1700,f.i1236.com,i1236,legit
1701,www.rising.com.cn,rising,legit
1702,08update6.jiangmin.com,jiangmin,legit
1703,cs14.duba.net,duba,legit
1704,v2-5.mypcqq.net,mypcqq,legit
1705,liongliong.com,liongliong,legit
1706,08update13.jiangmin.com,jiangmin,legit
1707,ping3.dyngate.com,dyngate,legit
1708,domain.xmg365.net,xmg365,legit
1709,cloudinfo.rising.com.cn,rising,legit
1710,akmfs.com,akmfs,legit
1711,t.lingcoin.com,lingcoin,legit
1712,ec.test.bank.ecitic.com,ecitic,legit
1713,s5.cnzz.com,cnzz,legit
1714,www.pp1234.net,pp1234,legit
1715,mmweimei.com,mmweimei,legit
1716,akk.aklianfa.com,aklianfa,legit
1717,www.pl0933.xyz,pl0933,legit
1718,cdn.sellbuyads.cn,sellbuyads,legit
1719,yhgdhhd.f3322.net,f3322,legit
1720,vvspe.cn,vvspe,legit
1721,ddos.xunyi-gov.cn,xunyi-gov,legit
1722,a09231136.f3322.net,f3322,legit
1723,5302000.publicvm.com,publicvm,legit
1724,www.xiyii.com.cn,xiyii,legit
1725,dl.koushuidang.net,koushuidang,legit
1726,trace.qq.com,trace,legit
1727,jc.6ta.cc,6ta,legit
1728,j6789876.3322.org,3322,legit
1729,zero66.gnway.cc,gnway,legit
1730,pelr7g001.f3322.net,f3322,legit
1731,www.weather.gov.hk,weather,legit
1732,772.f3322.org,f3322,legit
1733,wsacdn2.miaopai.com,miaopai,legit
1734,sc1.hao123img.com,hao123img,legit
1735,gy.blhbd.com,blhbd,legit
1736,mobilelivephoto.bs2dl.yy.com,mobilelivephoto.bs2dl,legit
1737,update11.jiangmin.com,jiangmin,legit
1738,www.update.microsoft.com,microsoft,legit
1739,dspguru.doom9.org,doom9,legit
1740,www.vt678.com,vt678,legit
1741,cu008.www.duba.net,duba,legit
1742,f.nba1001.com,nba1001,legit
1743,hh4626678.f3322.org,f3322,legit
1744,zhekoubiao.com,zhekoubiao,legit
1745,p8.qhimg.com,qhimg,legit
1746,u2.eset.com.cn,eset,legit
1747,vi5.6rooms.com,6rooms,legit
1748,js.aq.qq.com,js.aq,legit
1749,zt.baogonghui.com,baogonghui,legit
1750,img1sw.baidu.com,baidu,legit
1751,zzx614.3322.org,3322,legit
1752,9558123.com,9558123,legit
1753,emyfs.bs2dl.yy.com,emyfs.bs2dl,dga
1754,kajmak.zapto.org,zapto,legit
1755,www.dgdongjun.cn,dgdongjun,legit
1756,rat2.100geili.com,100geili,legit
1757,tianqi.2345.com,2345,legit
1758,service.downloadadmin.com,downloadadmin,legit
1759,rsup10.rising.com.cn,rising,legit
1760,gg.luquanshi.com,luquanshi,legit
1761,www.shenzhouzhenglong.com,shenzhouzhenglong,legit
1762,www.n85853.cn,n85853,legit
1763,wmcdn.qtmojo.cn,qtmojo,legit
1764,hack.1128.me,1128,legit
1765,binghongcha.f3322.net,f3322,legit
1766,www.macromedia.com,macromedia,legit
1767,brungate.hao959.com,hao959,legit
1768,l.kokoke.net,kokoke,legit
1769,peiyang.f3322.net,f3322,legit
1770,d888b.cn,d888b,legit
1771,www.91youyou.com,91youyou,legit
1772,www.googletagmanager.com,googletagmanager,legit
1773,softfile.3g.qq.com,softfile.3g,legit
1774,www.7iaa.com,7iaa,legit
1775,u3.eset.com.cn,eset,legit
1776,yzgyddos.no-ip.biz,no-ip,legit
1777,comment.news.sohu.com,sohu,legit
1778,www.shopnctest.com,shopnctest,legit
1779,i.haotukankan.com,haotukankan,legit
1780,jszg007.s.f3322.org,f3322,legit
1781,cs5.duba.net,duba,legit
1782,tg.123yi.com,123yi,legit
1783,v2-8.mypcqq.net,mypcqq,legit
1784,cjbope.com,cjbope,legit
1785,open.baidu.com,baidu,legit
1786,u14.eset.com.cn,eset,legit
1787,xhp520.f3322.org,f3322,legit
1788,wz.ttml.gg,ttml,legit
1789,dll.pzchao.com,pzchao,legit
1790,www.kingddos.xyz,kingddos,legit
1791,count.4rw3.com,4rw3,legit
1792,dj1.baidu.com,baidu,legit
1793,downloads16.kaspersky-labs.com,kaspersky-labs,legit
1794,hqs5.cnzz.com,cnzz,legit
1795,q.fwq.me,fwq,legit
1796,bdimg.share.baidu.com,baidu,legit
1797,user.weiyun.com,weiyun,legit
1798,lanqiu.f3322.net,f3322,legit
1799,wuxue.f3322.org,f3322,legit
1800,um11.eset.com,eset,legit
1801,f19960324.f3322.net,f3322,legit
1802,6001.mybmxin.com,mybmxin,legit
1803,bdbaap.com,bdbaap,legit
1804,www.anxinkz.com,anxinkz,legit
1805,cnrdn.com,cnrdn,legit
1806,img.lvse.com,lvse,legit
1807,dustywinslow.com,dustywinslow,legit
1808,pop.123fga.cn,123fga,legit
1809,t10.baidu.com,baidu,legit
1810,tianyugov.top,tianyugov,legit
1811,www.gyyou.com,gyyou,legit
1812,lkt.zoosnet.net,zoosnet,legit
1813,ask.wfwl.cn,wfwl,legit
1814,img.zjolcdn.com,zjolcdn,legit
1815,camfrog2008.vicp.net,vicp,legit
1816,aq.yy.com,aq,legit
1817,i7.baidu.com,baidu,legit
1818,AAA.AAA.AAA.AAA.AAA.AAA,AAA,legit
1819,cnstddos.f3322.net,f3322,legit
1820,rsup17.rising.com.cn,rising,legit
1821,77953182.f3322.net,f3322,legit
1822,sf.symcb.com,symcb,legit
1823,gtms02.alicdn.com,alicdn,legit
1824,online.asis0day.biz,asis0day,legit
1825,gtm-hkg.avg.com,avg,legit
1826,d-cache.microad-cn.com,microad-cn,legit
1827,mirror.valormall.info,valormall,legit
1828,kath.3322.org,3322,legit
1829,sjb555.3322.org,3322,legit
1830,idcgoing.eatuo.com,eatuo,legit
1831,ss1.baidu.com,baidu,legit
1832,online.flamescloud.com,flamescloud,legit
1833,ww2.sinaimg.cn,sinaimg,legit
1834,ss2.baidu.com,baidu,legit
1835,user.qzone.qq.com,user.qzone,legit
1836,lccc1.bfddos.net,bfddos,legit
1837,1107791273.f3322.org,f3322,legit
1838,um14.eset.com,eset,legit
1839,www.29qk.com,29qk,legit
1840,viper.hk4061.8ahost.com,8ahost,legit
1841,1.qtmojo.com,qtmojo,legit
1842,cu004.www.duba.net,duba,legit
1843,wscdn.miaopai.com,miaopai,legit
1844,momo6320.xicp.net,xicp,legit
1845,dlqncdn.miaopai.com,miaopai,legit
1846,q.m.yy.com,q.m,legit
1847,qingfeng.win,qingfeng,legit
1848,dnl-15.geo.kaspersky.com,kaspersky,legit
1849,downloads9.kaspersky-labs.com,kaspersky-labs,legit
1850,bbs.roadgod.xyz,roadgod,legit
1851,url.dnscom.org,dnscom,legit
1852,css.res.szgla.com,szgla,legit
1853,www.28878.com,28878,legit
1854,qezflu.com,qezflu,legit
1855,www.5201314999.com,5201314999,legit
1856,pcookie.cnzz.com,cnzz,legit
1857,csc3-2010-crl.verisign.com,verisign,legit
1858,zhanghai8862.gnway.cc,gnway,legit
1859,bd.tst.35go.net,35go,legit
1860,linuxwhj.f3322.net,f3322,legit
1861,web.nba1001.net,nba1001,legit
1862,hzs11.cnzz.com,cnzz,legit
1863,xml.adsparkmedia.net,adsparkmedia,legit
1864,chenran.f3322.net,f3322,legit
1865,3.NS1631263.NET,NS1631263,dga
1866,cu009.www.duba.net,duba,legit
1867,zm.552489.com,552489,legit
1868,rc.download.iyuntian.com,iyuntian,legit
1869,tlb1.3322.org,3322,legit
1870,gaiyatao.3322.org,3322,legit
1871,aeu.alicdn.com,alicdn,legit
1872,fm7788.linkpc.net,linkpc,legit
1873,www.ye8.me,ye8,legit
1874,adminrr.f3322.org,f3322,legit
1875,www.bbq1986.com,bbq1986,dga
1876,pop7.123fga.cn,123fga,legit
1877,ddos.dnsnb8.net,dnsnb8,legit
1878,img.kuai.xunlei.com,xunlei,legit
1879,center.rising.com.cn,rising,legit
1880,www.hao123.com,hao123,legit
1881,tyz.f3322.net,f3322,legit
1882,6688.wangbaoma.com,wangbaoma,legit
1883,mat1.qq.com,mat1,legit
1884,ns.dns3-domain.com,dns3-domain,legit
1885,exp11.eset.com,eset,legit
1886,pqqq.pub,pqqq,legit
1887,woaini68.f3322.net,f3322,legit
1888,yhfx.beijing.gov.cn,beijing,legit
1889,beacon.sina.com.cn,sina,legit
1890,login.weixin.qq.com,login.weixin,legit
1891,v2-9.mypcqq.net,mypcqq,legit
1892,hfsy.f3322.net,f3322,legit
1893,yajiegege.f3322.net,f3322,legit
1894,aise7758369.3322.org,3322,legit
1895,sbchenren.3322.org,3322,legit
1896,t12.baidu.com,baidu,legit
1897,10.ns2275ab.com,ns2275ab,dga
1898,p.tanx.com,tanx,legit
1899,router.utorrent.com,utorrent,legit
1900,router.bitcomet.com,bitcomet,legit
1901,890908.3322.org,3322,legit
1902,u6.eset.com.cn,eset,legit
1903,tongji.vkelai.com,vkelai,legit
1904,static.duoshuo.com,duoshuo,legit
1905,dagui.f3322.net,f3322,legit
1906,wangjie8899.gicp.net,gicp,legit
1907,www.7788web.com,7788web,legit
1908,mymyupyun.b0.upaiyun.com,upaiyun,legit
1909,mmi.explabs.net,explabs,legit
1910,vi2.6rooms.com,6rooms,legit
1911,koo.5dfgy.cn,5dfgy,legit
1912,dl.461gb.com,461gb,legit
1913,sporttoday.cn,sporttoday,legit
1914,proptp.net,proptp,legit
1915,app.kuaiji.com,kuaiji,legit
1916,www.88168.com,88168,legit
1917,hi.baidu.com,baidu,legit
1918,hzs21.cnzz.com,cnzz,legit
1919,3.ns792.com,ns792,legit
1920,a.sdo180.com,sdo180,legit
1921,www.kk3456.com,kk3456,legit
1922,www.junzhiboke.com,junzhiboke,legit
1923,qzone.qq.com,qzone,legit
1924,52020.f3322.net,f3322,legit
1925,www.cha127.com,cha127,legit
1926,web.2144.cn,2144,legit
1927,lieshazz.vicp.cc,vicp,legit
1928,eclick.baidu.com,baidu,legit
1929,c.cnzz.com,cnzz,legit
1930,yes.92ddos.com,92ddos,legit
1931,qaz2015.gicp.net,gicp,legit
1932,s1.ludashi.com,ludashi,legit
1933,wing138.f3322.net,f3322,legit
1934,exp04.eset.com,eset,legit
1935,www.9646c.com,9646c,legit
1936,images.cdn.0290.gzcxld.com,gzcxld,legit
1937,qqs1753798938.xicp.net,xicp,legit
1938,0406.net,0406,legit
1939,www.100mianfei.com,100mianfei,legit
1940,d.dzx8.cc,dzx8,legit
1941,misc.wcd.qq.com,misc.wcd,dga
1942,a27272228.eicp.net,eicp,legit
1943,js.users.51.la,js.users,legit
1944,v.6.cn,v,legit
1945,molong324.f3322.net,f3322,legit
1946,s11.cnzz.com,cnzz,legit
1947,u1.img.mobile.sina.cn,sina,legit
1948,www.china.com,china,legit
1949,city.ip138.com,ip138,legit
1950,wenge.f3322.net,f3322,legit
1951,m.yy.com,m,legit
1952,sanhetengda.com,sanhetengda,legit
1953,wm3698.com,wm3698,legit
1954,www.idaili.cn,idaili,legit
1955,ping.baidu.com,baidu,legit
1956,qwert8800.gicp.net,gicp,legit
1957,yk.qhxws.com,qhxws,legit
1958,xihali.f3322.net,f3322,legit
1959,www.sldss.pub,sldss,legit
1960,ddos.sdo180.com,sdo180,legit
1961,um03.eset.com,eset,legit
1962,hzs15.cnzz.com,cnzz,legit
1963,update9.jiangmin.com,jiangmin,legit
1964,yckz123456.meibu.com,meibu,legit
1965,kb.meibu.net,meibu,legit
1966,bbs.vc52.cn,vc52,legit
1967,cu017.www.duba.net,duba,legit
1968,ad.winrar.com.cn,winrar,legit
1969,ww1.sinaimg.cn,sinaimg,legit
1970,upload.ikanchai.com,ikanchai,legit
1971,08update9.jiangmin.com,jiangmin,legit
1972,www.9646a.com,9646a,legit
1973,surrogacyandadoption.com,surrogacyandadoption,legit
1974,2.nettime.pool.ntp.org,ntp,legit
1975,netbot1213.meibu.com,meibu,legit
1976,downloads10.kaspersky-labs.com,kaspersky-labs,legit
1977,www.wk1888.com,wk1888,legit
1978,ym10010.vicp.cc,vicp,legit
1979,update6.jiangmin.com,jiangmin,legit
1980,task58.com,task58,legit
1981,linxiaos.3322.org,3322,legit
1982,admin.hackw.cn,hackw,legit
1983,u19.eset.com.cn,eset,legit
1984,aitimo.f3322.net,f3322,legit
1985,as3421363.vicp.cc,vicp,legit
1986,mqbzza.com,mqbzza,legit
1987,xf1392097858.f3322.org,f3322,legit
1988,irc.zief.pl,zief,legit
1989,08update2.jiangmin.com,jiangmin,legit
1990,sdtg.f3322.net,f3322,legit
1991,gy.97tf.com,97tf,legit
1992,hadess.f3322.net,f3322,legit
1993,cloud11.rising.com.cn,rising,legit
1994,libs.baidu.com,baidu,legit
1995,update4.jiangmin.com,jiangmin,legit
1996,	zuoyanwu.f3322.org,f3322,legit
1997,www.72291.pw,72291,legit
1998,s1.hao123img.com,hao123img,legit
1999,static.anquan.org,anquan,legit
2000,qqgame.qq.com,qqgame,legit
2001,yze.t.sogou.com,sogou,legit
2002,www.hkszzy.com,hkszzy,legit
2003,7xqgub.com1.z0.glb.clouddn.com,clouddn,legit
2004,count10.51yes.com,51yes,legit
2005,34042.ckddos.com,ckddos,legit
2006,sighttp.qq.com,sighttp,legit
2007,mycoohoo.cn,mycoohoo,legit
2008,409.lpssld.com,lpssld,legit
2009,www.wher.top,wher,legit
2010,a2562403069.f3322.net,f3322,legit
2011,bubeizhua.msns.cn,msns,legit
2012,adminxss.f3322.net,f3322,legit
2013,update13.jiangmin.com,jiangmin,legit
2014,v2-6.mypcqq.net,mypcqq,legit
2015,count.dnscom.org,dnscom,legit
2016,lm.un.imochy.com,imochy,legit
2017,http://static.wooyun.org,wooyun,legit
2018,webd.home.news.cn,news,legit
2019,ll002.avast.com,avast,legit
2020,ubeyep.com,ubeyep,legit
2021,yulibing123.com,yulibing123,legit
2022,www.sojump.cn,sojump,legit
2023,maqi.f3322.net,f3322,legit
2024,dcs.conac.cn,conac,legit
2025,pop.gbtbxl.org,gbtbxl,legit
2026,r.sz-guogeng.com,sz-guogeng,legit
2027,ms.bdimg.com,bdimg,legit
2028,www.bc8760.com,bc8760,legit
2029,winweb.f3322.net,f3322,legit
2030,bin.findpwd.com,findpwd,legit
2031,z6.cnzz.com,cnzz,legit
2032,x121452444.imwork.net,imwork,legit
2033,www.3-0B6F-415d-B5C7-832F0.com,3-0B6F-415d-B5C7-832F0,dga
2034,qazs.vicp.cc,vicp,legit
2035,he714023166.vicp.cc,vicp,legit
2036,res.wx.qq.com,res.wx,legit
2037,www.qq190.com,qq190,legit
2038,i2.sinaimg.cn,sinaimg,legit
2039,csyn.qtmd.us,qtmd,legit
2040,08update3.jiangmin.com,jiangmin,legit
2041,www.ltp666.com,ltp666,legit
2042,s19.cnzz.com,cnzz,legit
2043,um05.eset.com,eset,legit
2044,110team.top,110team,legit
2045,cs16.duba.net,duba,legit
2046,plainreg.sdo.com,sdo,legit
2047,uyqpoa.com,uyqpoa,legit
2048,www.wyxtop.com,wyxtop,legit
2049,downloads6.kaspersky-labs.com,kaspersky-labs,legit
2050,zjnews.zjol.com.cn,zjol,legit
2051,baidu-baiduxin7.cn,baidu-baiduxin7,legit
2052,csc3-2004-crl.verisign.com,verisign,legit
2053,momomo.f3322.net,f3322,legit
2054,666.90wm.cn,90wm,legit
2055,www.hhl365.com,hhl365,legit
2056,qbwup.imtt.qq.com,qbwup.imtt,dga
2057,kx.luanstl.com,luanstl,legit
2058,hzhkhz.3322.org,3322,legit
2059,www.xyzx.org,xyzx,legit
2060,dnl-19.geo.kaspersky.com,kaspersky,legit
2061,dnl-11.geo.kaspersky.com,kaspersky,legit
2062,img.hanjucc.com,hanjucc,legit
2063,www.kbunion.com,kbunion,legit
2064,um04.eset.com,eset,legit
2065,rsup6.rising.com.cn,rising,legit
2066,sclick.6rooms.com,6rooms,legit
2067,www.wangweilm.com,wangweilm,legit
2068,res3.download.iyuntian.com,iyuntian,legit
2069,imagescroll.com,imagescroll,legit
2070,downloads18.kaspersky-labs.com,kaspersky-labs,legit
2071,tianke.f3322.org,f3322,legit
2072,pcookie.tanx.com,tanx,legit
2073,vccd.cn,vccd,legit
2074,hzs19.cnzz.com,cnzz,legit
2075,b.scorecardresearch.com,scorecardresearch,legit
2076,pop6.123fga.cn,123fga,legit
2077,cfgxl.img48.wal8.com,wal8,legit
2078,l3n4ykwww.3737pk.com,3737pk,legit
2079,sifu.zuiaiguagzhou.com,zuiaiguagzhou,legit
2080,exp15.eset.com,eset,legit
2081,08update4.jiangmin.com,jiangmin,legit
2082,www.baidu.com,baidu,legit
2083,v2-4.mypcqq.net,mypcqq,legit
2084,3.ns768.com,ns768,legit
2085,hhmzjk.com,hhmzjk,legit
2086,update.360safe.com,360safe,legit
2087,www.szrxhd.com,szrxhd,legit
2088,ubmcmm.baidustatic.com,baidustatic,legit
2089,qinshuang.f3322.net,f3322,legit
2090,kshops.vn,kshops,legit
2091,xqy2001.3322.org,3322,legit
2092,3.NS1631262.ORG,NS1631262,dga
2093,tt.455465.com,455465,legit
2094,shrek.6.cn,shrek,legit
2095,xxx.cokecat.com,cokecat,legit
2096,www.bet0009.com,bet0009,legit
2097,nadszx.nanan.com,nanan,legit
2098,im.baidu.com,baidu,legit
2099,rsup5.rising.com.cn,rising,legit
2100,bakad.qqfarmer.com.cn,qqfarmer,legit
2101,www.hkvc.top,hkvc,legit
2102,passport.weibo.com,weibo,legit
2103,stat.pingbsoft.com,pingbsoft,legit
2104,www.g1ikdcvns3sdsal.info,g1ikdcvns3sdsal,dga
2105,guanglei12.f3322.org,f3322,legit
2106,shenxian2016.f3322.net,f3322,legit
2107,image.sojump.com,sojump,legit
2108,vr6.6rooms.com,6rooms,legit
2109,hao123vip.3322.org,3322,legit
2110,suxiaoyong.f3322.org,f3322,legit
2111,t1.symcb.com,symcb,legit
2112,imgstore.cdn.sogou.com,sogou,legit
2113,webshellgov.meibu.net,meibu,legit
2114,suifong.picp.net,picp,legit
2115,289379444.f3322.org,f3322,legit
2116,imddos.my03.com,my03,legit
2117,dns.aaii.tv,aaii,legit
2118,img1.gtimg.com,gtimg,legit
2119,fucksoul.f3322.net,f3322,legit
2120,up3.nba1001.com,nba1001,legit
2121,myopop.4008382255.cn,4008382255,dga
2122,www.zeushz.com,zeushz,legit
2123,www.xiaoqitian.com,xiaoqitian,legit
2124,extplatform.ie.sogou.com,sogou,legit
2125,tunongmin.3322.org,3322,legit
2126,jsonp.aid.alibaba.com,alibaba,legit
2127,isdspeed.qq.com,isdspeed,legit
2128,sso.anbtr.com,anbtr,legit
2129,download.macromedia.com,macromedia,legit
2130,360net.7766.org,7766,legit
2131,aa-10028730.file.myqcloud.com,myqcloud,legit
2132,track.mypcbackup.com,mypcbackup,legit
2133,1.1380sf.com,1380sf,legit
2134,ra.gtimg.com,gtimg,legit
2135,img02.taobaocdn.com,taobaocdn,legit
2136,shiluo2014.meibu.net,meibu,legit
2137,myss.ter.tf,ter,legit
2138,sc126.duoshuo.com,duoshuo,legit
2139,msh365.com,msh365,legit
2140,qqq.omoyu.com,omoyu,legit
2141,discuz.gtimg.cn,gtimg,legit
2142,icon.51.la,icon,legit
2143,3.NS1631263.COM,NS1631263,dga
2144,xxooxy.f3322.net,f3322,legit
2145,www.jerry22.xyz,jerry22,legit
2146,amwzgx6.com,amwzgx6,dga
2147,www.120kongbao.com,120kongbao,legit
2148,nhatquanglan3.t35.com,t35,legit
2149,wangzixiang001.imwork.net,imwork,legit
2150,yuankong.4455833.com,4455833,dga
2151,cn.msn.com,msn,legit
2152,cnc.tpddns.cn,tpddns,legit
2153,q3406248.f3322.net,f3322,legit
2154,08update16.jiangmin.com,jiangmin,legit
2155,boss.qzone.qq.com,boss.qzone,legit
2156,ecmb.bdimg.com,bdimg,legit
2157,msginfo.rising.com.cn,rising,legit
2158,www.gstatic.com,gstatic,legit
2159,www.cszha.com,cszha,legit
2160,tajs.qq.com,tajs,legit
2161,textlink.simba.taobao.com,taobao,legit
2162,feiyaxiao.f3322.net,f3322,legit
2163,lxbjs.baidu.com,baidu,legit
2164,center-ring.link,center-ring,legit
2165,www.lk2006.com,lk2006,legit
2166,dlq.f3322.org,f3322,legit
2167,ylog.hiido.com,hiido,legit
2168,fengge121.f3322.org,f3322,legit
2169,i.match.qq.com,i.match,legit
2170,tudou.ddns.net,ddns,legit
2171,oblogin.rep.orbitdownloader.com,orbitdownloader,legit
2172,dhl.ckddos.com,ckddos,legit
2173,tianqi008.vicp.cc,vicp,legit
2174,t7p:gowww.3737pk.com,t7p,legit
2175,zhldm2011.3322.org,3322,legit
2176,www.686448.com,686448,legit
2177,fuck.mion-lan.cc,mion-lan,legit
2178,track.dragonparking.com,dragonparking,legit
2179,iuuyoy.com,iuuyoy,legit
2180,944.f3322.net,f3322,legit
2181,kuzhanzhi.com,kuzhanzhi,legit
2182,hzs2.cnzz.com,cnzz,legit
2183,laoiu.3322.org,3322,legit
2184,wohuiyuankong.f3322.net,f3322,legit
2185,cfg.download.iyuntian.com,iyuntian,legit
2186,update009.cogoo.net,cogoo,legit
2187,biocarbon.com.ec,biocarbon,legit
2188,cctv2.haoxiw.com,haoxiw,legit
2189,www.hanjucc.com,hanjucc,legit
2190,desktop.youku.com,youku,legit
2191,vr0.6rooms.com,6rooms,legit
2192,download.suxiazai.com,suxiazai,legit
2193,wqonewq3.xicp.net,xicp,legit
2194,520201.f3322.net,f3322,legit
2195,seccliprod.alipay.com,alipay,legit
2196,www.dfddos.pw,dfddos,legit
2197,www.2345.com,2345,legit
2198,linfeng.sytes.net,sytes,legit
2199,6688.6299.cc,6299,legit
2200,cypj520.f3322.net,f3322,legit
2201,www.winrar.com.cn,winrar,legit
2202,eeyroh.com,eeyroh,legit
2203,08update5.jiangmin.com,jiangmin,legit
2204,dsp.send.microad-cn.com,microad-cn,legit
2205,2128263477.gnway.cc,gnway,legit
2206,www.newlilai.com,newlilai,legit
2207,g.nba1001.com,nba1001,legit
2208,dcrnyy.3322.org,3322,legit
2209,gw.api.taobao.com,taobao,legit
2210,cacerts.digicert.com,digicert,legit
2211,www.henanyongli.com,henanyongli,legit
2212,www.185hf.com,185hf,legit
2213,ru549788910.3322.org,3322,legit
2214,dnl-12.geo.kaspersky.com,kaspersky,legit
2215,dangyongxing.f3322.net,f3322,legit
2216,vip.my03.com.vip-i.rdnsapi.com,rdnsapi,legit
2217,minigame.qq.com,minigame,legit
2218,cu014.www.duba.net,duba,legit
2219,web2.51.la,web2,legit
2220,log.minigame.qq.com,log.minigame,legit
2221,cu018.www.duba.net,duba,legit
2222,cn.daxia123<br,daxia123<br,dga
2223,wqwq.f3322.org,f3322,legit
2224,vr4.6rooms.com,6rooms,legit
2225,joshsawyerdesign.com,joshsawyerdesign,legit
2226,cgi.connect.qq.com,cgi.connect,legit
2227,updatav1.6ssf.com,6ssf,legit
2228,updatav2.b0.upaiyun.com,upaiyun,legit
2229,ftp.58exp.com,58exp,legit
2230,sj.cc5201314.com,cc5201314,legit
2231,www.2012tj.com,2012tj,legit
2232,cdn689.ipc.hk,ipc,legit
2233,gmail.com,gmail,legit
2234,simg.sinajs.cn,sinajs,legit
2235,a.83216.com,83216,legit
2236,update18.jiangmin.com,jiangmin,legit
2237,www.baimaojuntuan.com,baimaojuntuan,legit
2238,sdl.360safe.com,360safe,legit
2239,odr.mookie1.com,mookie1,legit
2240,hrel.dnscom.org,dnscom,legit
2241,dgt.zoosnet.net,zoosnet,legit
2242,88888888.ll52.cc,ll52,legit
2243,a.clickdata.37wan.com,37wan,legit
2244,bbs.safedog.cn,safedog,legit
2245,chine.f3322.net,f3322,legit
2246,base7.gyddos.com,gyddos,legit
2247,xiaoxianzi.f3322.org,f3322,legit
2248,cbjia.eicp.net,eicp,legit
2249,www.gongxiao123.com,gongxiao123,legit
2250,www.wy090.com,wy090,legit
2251,u13.eset.com.cn,eset,legit
2252,dr.mb.baidu.com,baidu,legit
2253,cs2.duba.net,duba,legit
2254,mc1314520.top,mc1314520,dga
2255,yibo.iyiyun.com,iyiyun,legit
2256,down.shg20.com,shg20,legit
2257,s25.cnzz.com,cnzz,legit
2258,static.jstv.com,jstv,legit
2259,q6y3qgwww.3737pk.com,3737pk,legit
2260,ye28100.3322.org,3322,legit
2261,www.nowsastra.com,nowsastra,legit
2262,www.zuimihu.cn,zuimihu,legit
2263,dsparking.com,dsparking,legit
2264,www.fk0512.com,fk0512,legit
2265,hm.baidu.com,baidu,legit
2266,www.pcshares.cn,pcshares,legit
2267,zamenhost.org,zamenhost,legit
2268,update.popupgrade.com,popupgrade,legit
2269,um08.eset.com,eset,legit
2270,update3.jiangmin.com,jiangmin,legit
2271,cm.qtmojo.com,qtmojo,legit
2272,tyl007.3322.org,3322,legit
2273,xlxlf3322.org,xlxlf3322,dga
2274,exp03.eset.com,eset,legit
2275,st.p.360.cn,360,legit
2276,bbs.sg668.com,sg668,legit
2277,jserr.cnzz.com,cnzz,legit
2278,um12.eset.com,eset,legit
2279,www.66868.com,66868,legit
2280,t.haozip.2345.com,2345,legit
2281,www.download.windowsupdate.com,windowsupdate,legit
2282,9444.f3322.net,f3322,legit
2283,p3b7cmwww.3737pk.com,3737pk,legit
2284,mgmcqu.com,mgmcqu,legit
2285,download.2345.com,2345,legit
2286,lz3077.xicp.net,xicp,legit
2287,www.zhizhuadmin.com,zhizhuadmin,legit
2288,www.114wx.com,114wx,legit
2289,xw410783324.3322.org,3322,legit
2290,8880.hao12368.com,hao12368,legit
2291,hyssp.haiyunx.com,haiyunx,legit
2292,www.avttx.cn,avttx,legit
2293,u.123hala.com,123hala,legit
2294,UpdateCenter.1688bb.com,1688bb,legit
2295,yj7374.f3322.org,f3322,legit
2296,c.mrdarkddos.com,mrdarkddos,legit
2297,ptres.37.com,ptres,legit
2298,vi3.6rooms.com,6rooms,legit
2299,img.weiyun.com,weiyun,legit
2300,xzdos.com,xzdos,legit
2301,g.tbcdn.cn,tbcdn,legit
2302,hbinou.com,hbinou,legit
2303,ai.taobao.com,taobao,legit
2304,master.dyngate.com,dyngate,legit
2305,crl.microsoft.com,microsoft,legit
2306,xz.sogou.com,sogou,legit
2307,3.NS1631262.COM,NS1631262,dga
2308,3.NS1631262.NET,NS1631262,dga
2309,y3.ifengimg.com,ifengimg,legit
2310,h1.ripway.com,ripway,legit
2311,root2.92ddos.com,92ddos,legit
2312,14s594157n.51mypc.cn,51mypc,legit
2313,gxrgg.cc,gxrgg,legit
2314,f6g.io7f.com,io7f,legit
2315,w.x.baidu.com,baidu,legit
2316,www.xunlei.com,xunlei,legit
2317,cs17.duba.net,duba,legit
2318,xiaoaolong.f3322.org,f3322,legit
2319,heiying.meibu.com,meibu,legit
2320,ap4.liuliangbao.cn,liuliangbao,legit
2321,yz.app.sogou.com,sogou,legit
2322,a365918923.kmdns.net,kmdns,legit
2323,www.687.net,687,legit
2324,dtrp.download.iyuntian.com,iyuntian,legit
2325,ddos.200089.pw,200089,legit
2326,myss.f3322.net,f3322,legit
2327,weini501.f3322.org,f3322,legit
2328,cctvhi.gicp.net,gicp,legit
2329,haly.si.gov.cn,haly,legit
2330,sx.wi1.pw,wi1,legit
2331,bbsb.f3322.net,f3322,legit
2332,cs1.duba.net,duba,legit
2333,lcv.f3322.net,f3322,legit
2334,iframe.ip138.com,ip138,legit
2335,liuxiaoyanwoaini.f3322.org,f3322,legit
2336,um18.eset.com,eset,legit
2337,lzhvyo.com,lzhvyo,legit
2338,vi1.6rooms.com,6rooms,legit
2339,exp09.eset.com,eset,legit
2340,www.win-rar.com,win-rar,legit
2341,www.1f18.com,1f18,legit
2342,www.yeepay.com,yeepay,legit
2343,ryt5201314.xicp.net,xicp,legit
2344,qgcdn2.gtimg.com,gtimg,legit
2345,fuckwooyun.com,fuckwooyun,legit
2346,www.03075.com,03075,legit
2347,wpa.b.qq.com,wpa.b,legit
2348,www.sywyg.com,sywyg,legit
2349,xqk0as.f3322.net,f3322,legit
2350,update.joinbr.com,joinbr,legit
2351,idcengain4.eatuo.com,eatuo,legit
2352,microchipt.com,microchipt,legit
2353,static.gridsumdissector.com,gridsumdissector,legit
